0
174
438
1722
3398
5044
6578
8188
9726
11234
12760
14228
15644
17052
18416
19710
20992
22200
23350
24468
25508
26480
27432
28258
29032
29788
30390
31004
31454
31906
32252
32480
32722
32776
32856
32764
32666
32438
32168
31798
31352
30846
30282
29566
28862
28070
27178
26252
25268
24172
23080
21892
20686
19388
18076
16708
15294
13860
12376
10880
9314
7802
6190
4646
2986
1434
-216
-1808
-3426
-4992
-6638
-8138
-9754
-11232
-12752
-14230
-15650
-17044
-18416
-19722
-20968
-22220
-23346
-24472
-25480
-26524
-27390
-28268
-29052
-29778
-30388
-30998
-31466
-31918
-32212
-32532
-32668
-32820
-32836
-32764
-32664
-32456
-32152
-31812
-31338
-30860
-30242
-29620
-28858
-28028
-27214
-26232
-25264
-24196
-23054
-21914
-20668
-19400
-18066
-16708
-15308
-13836
-12406
-10852
-9334
-7790
-6212
-4610
-3020
-1414
202
1818
3422
4998
6624
8144
9762
11226
12760
14220
15634
17070
18414
19704
20986
22218
23332
24486
25486
26504
27406
28276
29030
29782
30394
31008
31442
31936
32206
32514
32712
32772
32864
32758
32662
32456
32150
31806
31352
30852
30260
29584
28866
28052
27200
26228
25268
24186
23086
21878
20694
19382
18078
16702
15310
13832
12418
10816
9380
7770
6202
4630
2994
1444
-236
-1778
-3450
-4990
-6628
-8160
-9722
-11258
-12752
-14204
-15662
-17062
-18396
-19730
-20978
-22186
-23376
-24458
-25502
-26494
-27410
-28254
-29072
-29762
-30398
-30980
-31484
-31888
-32258
-32488
-32708
-32804
-32804
-32824
-32624
-32460
-32144
-31826
-31348
-30836
-30266
-29598
-28844
-28080
-27168
-26260
-25252
-24200
-23052
-21912
-20670
-19406
-18056
-16716
-15308
-13836
-12394
-10868
-9322
-7814
-6180
-4624
-3026
-1404
200
1816
3408
5030
6600
8154
9756
11230
12744
14238
15640
17058
18412
19716
20974
22224
23324
24500
25476
26504
27416
28260
29042
29776
30406
30978
31482
31900
32236
32504
32684
32832
32806
32804
32638
32440
32186
31780
31362
30858
30256
29572
28892
28034
27190
26272
25220
24218
23060
21900
20678
19396
18062
16726
15280
13862
12376
10884
9326
7778
6220
4606
3028
1406
-198
-1822
-3410
-5032
-6570
-8206
-9698
-11274
-12736
-14232
-15632
-17078
-18384
-19738
-20984
-22188
-23354
-24484
-25490
-26482
-27440
-28254
-29028
-29790
-30404
-30982
-31482
-31878
-32256
-32512
-32676
-32816
-32832
-32772
-32668
-32440
-32160
-31808
-31346
-30858
-30240
-29614
-28842
-28074
-27176
-26246
-25268
-24178
-23098
-21858
-20700
-19390
-18082
-16698
-15300
-13858
-12384
-10846
-9366
-7772
-6206
-4610
-3042
-1390
198
1816
3410
5024
6592
8178
9730
11248
12746
14224
15644
17062
18410
19716
20986
22186
23374
24452
25520
26472
27424
28260
29070
29720
30466
30934
31508
31872
32256
32510
32680
32802
32856
32752
32670
32442
32160
31806
31360
30838
30254
29600
28860
28062
27182
26246
25250
24196
23074
21902
20670
19398
18064
16724
15282
13872
12366
10886
9320
7790
6202
4638
3000
1418
-208
-1814
-3410
-5016
-6624
-8138
-9754
-11232
-12758
-14216
-15666
-17042
-18404
-19730
-20974
-22202
-23360
-24470
-25494
-26488
-27428
-28248
-29068
-29748
-30420
-30984
-31462
-31918
-32228
-32508
-32704
-32776
-32856
-32772
-32652
-32456
-32160
-31800
-31354
-30846
-30260
-29586
-28874
-28038
-27204
-26238
-25270
-24164
-23102
-21888
-20662
-19410
-18064
-16716
-15280
-13892
-12338
-10900
-9328
-7770
-6240
-4574
-3052
-1394
182
1840
3404
5000
6636
8158
9710
11270
12746
14210
15668
17034
18428
19700
21010
22162
23382
24464
25496
26492
27414
28258
29058
29754
30430
30976
31466
31894
32240
32548
32642
32810
32852
32762
32674
32432
32178
31782
31358
30860
30244
29604
28844
28074
27174
26256
25252
24200
23050
21922
20656
19426
18030
16746
15274
13852
12396
10868
9324
7798
6210
4594
3036
1402
-188
-1822
-3428
-5004
-6604
-8184
-9710
-11258
-12742
-14230
-15642
-17066
-18404
-19714
-20980
-22208
-23362
-24460
-25496
-26494
-27422
-28264
-29032
-29798
-30372
-31010
-31462
-31908
-32228
-32512
-32696
-32804
-32832
-32776
-32656
-32452
-32160
-31800
-31362
-30830
-30268
-29606
-28850
-28042
-27202
-26254
-25246
-24194
-23072
-21904
-20662
-19406
-18078
-16694
-15294
-13876
-12372
-10850
-9368
-7760
-6224
-4604
-3020
-1420
204
1824
3414
5012
6608
8158
9748
11242
12750
14210
15670
17044
18414
19714
20970
22228
23342
24452
25520
26498
27398
28266
29058
29750
30418
30990
31466
31896
32258
32480
32714
32782
32856
32752
32700
32412
32168
31794
31374
30836
30260
29582
28872
28058
27180
26252
25264
24162
23096
21910
20660
19372
18120
16670
15316
13844
12390
10858
9348
7780
6206
4624
3004
1430
-220
-1798
-3442
-4984
-6622
-8182
-9698
-11272
-12736
-14236
-15642
-17054
-18418
-19702
-20990
-22198
-23372
-24458
-25476
-26534
-27394
-28260
-29052
-29776
-30396
-31004
-31446
-31920
-32230
-32524
-32646
-32868
-32788
-32784
-32688
-32408
-32184
-31792
-31362
-30846
-30250
-29594
-28864
-28056
-27194
-26234
-25262
-24196
-23072
-21902
-20660
-19410
-18060
-16716
-15300
-13846
-12384
-10882
-9310
-7806
-6200
-4610
-3036
-1392
190
1828
3400
5028
6592
8182
9720
11254
12754
14212
15656
17050
18408
19724
20982
22202
23356
24456
25524
26460
27440
28254
29056
29762
30396
31004
31460
31906
32240
32508
32684
32822
32806
32788
32692
32402
32168
31818
31348
30848
30258
29580
28882
28038
27202
26248
25236
24218
23056
21896
20682
19398
18062
16718
15282
13880
12350
10898
9328
7772
6230
4586
3050
1398
-212
-1798
-3426
-5014
-6604
-8178
-9708
-11278
-12718
-14240
-15644
-17054
-18422
-19702
-20990
-22190
-23370
-24470
-25484
-26498
-27424
-28250
-29060
-29756
-30420
-30962
-31500
-31884
-32238
-32522
-32676
-32812
-32820
-32800
-32636
-32460
-32160
-31794
-31378
-30808
-30290
-29584
-28860
-28064
-27164
-26274
-25242
-24200
-23056
-21922
-20664
-19390
-18078
-16710
-15288
-13856
-12388
-10872
-9324
-7786
-6220
-4600
-3030
-1396
178
1830
3418
5012
6600
8182
9722
11254
12738
14220
15664
17046
18404
19740
20946
22228
23362
24442
25514
26496
27420
28234
29072
29764
30418
30960
31502
31872
32252
32518
32676
32802
32844
32776
32658
32436
32178
31792
31356
30844
30252
29614
28848
28050
27196
26258
25228
24220
23056
21906
20664
19404
18084
16680
15326
13830
12404
10846
9350
7776
6220
4618
2996
1432
-210
-1826
-3398
-5028
-6602
-8176
-9706
-11266
-12760
-14204
-15656
-17052
-18410
-19724
-20984
-22188
-23374
-24452
-25504
-26490
-27422
-28268
-29028
-29786
-30392
-30998
-31474
-31888
-32260
-32476
-32724
-32784
-32824
-32808
-32632
-32464
-32150
-31806
-31356
-30840
-30266
-29590
-28860
-28050
-27196
-26252
-25252
-24180
-23078
-21912
-20654
-19406
-18092
-16666
-15336
-13834
-12388
-10874
-9322
-7806
-6186
-4624
-3028
-1404
208
1800
3430
5004
6620
8166
9710
11266
12756
14198
15676
17042
18408
19732
20964
22202
23372
24444
25540
26460
27416
28266
29072
29728
30446
30952
31482
31912
32228
32510
32700
32778
32860
32772
32650
32472
32118
31840
31340
30854
30252
29582
28874
28048
27200
26240
25270
24160
23096
21896
20670
19384
18114
16650
15344
13836
12384
10864
9346
7770
6220
4616
3014
1420
-220
-1798
-3428
-5008
-6608
-8170
-9720
-11262
-12748
-14210
-15662
-17046
-18418
-19712
-20990
-22202
-23352
-24466
-25496
-26504
-27402
-28272
-29050
-29758
-30412
-30994
-31462
-31898
-32248
-32512
-32668
-32836
-32788
-32832
-32632
-32444
-32166
-31796
-31364
-30858
-30228
-29616
-28848
-28074
-27164
-26272
-25228
-24212
-23070
-21896
-20676
-19390
-18078
-16696
-15310
-13860
-12376
-10862
-9342
-7778
-6228
-4584
-3050
-1392
202
1800
3424
5026
6588
8172
9738
11248
12750
14198
15684
17042
18408
19718
20968
22230
23344
24442
25540
26474
27406
28290
29004
29808
30396
30982
31476
31896
32252
32478
32716
32802
32824
32790
32640
32466
32148
31816
31332
30880
30234
29586
28888
28026
27206
26252
25244
24186
23092
21880
20688
19388
18060
16730
15300
13828
12394
10886
9312
7792
6206
4630
3008
1410
-208
-1798
-3426
-5016
-6610
-8160
-9732
-11246
-12760
-14212
-15652
-17056
-18410
-19712
-21004
-22172
-23362
-24484
-25488
-26502
-27388
-28300
-29024
-29772
-30422
-30958
-31498
-31882
-32250
-32518
-32670
-32810
-32840
-32780
-32640
-32472
-32148
-31794
-31368
-30842
-30252
-29600
-28870
-28028
-27210
-26236
-25268
-24174
-23088
-21894
-20682
-19370
-18112
-16668
-15320
-13846
-12396
-10854
-9342
-7784
-6206
-4618
-3018
-1418
226
1782
3440
5004
6618
8164
9708
11280
12720
14238
15658
17038
18414
19730
20962
22230
23318
24500
25474
26530
27370
28286
29056
29754
30416
30962
31510
31872
32238
32520
32686
32814
32822
32786
32646
32454
32164
31794
31360
30850
30258
29580
28860
28082
27174
26236
25264
24200
23054
21924
20646
19420
18062
16702
15310
13850
12386
10848
9356
7780
6204
4622
3016
1398
-172
-1844
-3400
-5020
-6620
-8144
-9744
-11238
-12764
-14210
-15662
-17036
-18428
-19706
-20988
-22204
-23344
-24486
-25482
-26508
-27402
-28272
-29038
-29776
-30414
-30982
-31460
-31910
-32230
-32528
-32676
-32804
-32812
-32836
-32620
-32440
-32190
-31760
-31398
-30816
-30280
-29580
-28862
-28060
-27186
-26252
-25246
-24200
-23064
-21906
-20670
-19402
-18068
-16706
-15292
-13872
-12372
-10864
-9350
-7764
-6230
-4612
-3008
-1422
208
1826
3386
5048
6576
8202
9706
11248
12754
14220
15664
17040
18406
19732
20976
22202
23354
24466
25500
26500
27414
28250
29056
29764
30412
30990
31460
31914
32224
32514
32700
32784
32862
32746
32684
32430
32174
31784
31378
30828
30268
29590
28852
28080
27168
26254
25254
24188
23080
21902
20666
19394
18086
16696
15292
13870
12372
10862
9348
7792
6196
4614
3026
1398
-182
-1828
-3418
-5018
-6584
-8194
-9718
-11238
-12768
-14212
-15654
-17046
-18424
-19708
-20992
-22184
-23362
-24466
-25522
-26472
-27416
-28268
-29048
-29768
-30400
-31008
-31432
-31942
-32212
-32520
-32690
-32796
-32840
-32784
-32656
-32440
-32160
-31812
-31346
-30854
-30244
-29614
-28844
-28060
-27198
-26238
-25254
-24202
-23052
-21922
-20652
-19416
-18062
-16712
-15294
-13840
-12404
-10850
-9364
-7750
-6234
-4608
-3018
-1400
176
1830
3420
5008
6606
8176
9724
11242
12754
14214
15678
17022
18428
19710
20982
22206
23360
24442
25532
26476
27420
28258
29048
29766
30426
30958
31498
31886
32234
32518
32682
32818
32824
32776
32660
32448
32170
31782
31368
30840
30272
29576
28880
28032
27194
26274
25224
24200
23084
21882
20690
19374
18090
16706
15292
13864
12372
10872
9326
7806
6196
4606
3038
1398
-202
-1804
-3430
-5002
-6612
-8166
-9726
-11266
-12724
-14230
-15668
-17038
-18408
-19736
-20950
-22238
-23336
-24458
-25528
-26480
-27400
-28278
-29052
-29746
-30432
-30972
-31476
-31898
-32246
-32488
-32712
-32792
-32828
-32820
-32604
-32472
-32158
-31802
-31360
-30850
-30246
-29598
-28852
-28062
-27206
-26222
-25262
-24216
-23032
-21926
-20672
-19384
-18086
-16692
-15314
-13850
-12372
-10876
-9350
-7752
-6236
-4604
-3028
-1402
206
1796
3428
5020
6584
8192
9720
11260
12724
14240
15650
17044
18420
19710
20998
22180
23368
24466
25502
26484
27428
28258
29030
29800
30392
30984
31460
31918
32242
32494
32692
32802
32846
32772
32646
32470
32140
31808
31368
30824
30270
29598
28844
28064
27186
26268
25224
24212
23066
21888
20698
19372
18102
16672
15324
13854
12360
10900
9310
7784
6234
4588
3028
1416
-214
-1796
-3436
-5008
-6604
-8172
-9730
-11234
-12772
-14200
-15672
-17042
-18406
-19724
-20984
-22208
-23330
-24484
-25508
-26476
-27432
-28252
-29038
-29788
-30396
-30988
-31474
-31894
-32244
-32512
-32672
-32828
-32816
-32808
-32612
-32472
-32166
-31786
-31368
-30834
-30274
-29582
-28860
-28062
-27184
-26248
-25248
-24216
-23048
-21910
-20664
-19404
-18068
-16716
-15294
-13846
-12388
-10866
-9342
-7788
-6184
-4640
-3024
-1384
194
1802
3418
5028
6596
8186
9708
11250
12764
14202
15670
17040
18418
19718
20984
22194
23362
24458
25512
26486
27418
28262
29042
29778
30396
31000
31464
31906
32232
32502
32714
32778
32846
32788
32644
32448
32170
31774
31392
30838
30252
29582
28880
28046
27182
26264
25236
24212
23058
21908
20670
19380
18106
16680
15304
13866
12366
10876
9334
7786
6204
4622
3020
1404
-198
-1812
-3432
-4992
-6624
-8162
-9730
-11250
-12742
-14230
-15644
-17056
-18410
-19718
-20994
-22186
-23362
-24462
-25502
-26496
-27410
-28270
-29032
-29798
-30362
-31040
-31448
-31882
-32262
-32492
-32712
-32776
-32852
-32776
-32656
-32450
-32154
-31812
-31354
-30842
-30252
-29600
-28870
-28028
-27220
-26236
-25238
-24230
-23030
-21918
-20686
-19382
-18072
-16710
-15304
-13846
-12384
-10876
-9332
-7764
-6238
-4614
-2994
-1430
198
1840
3382
5044
6586
8192
9704
11258
12762
14198
15670
17048
18416
19704
20990
22208
23338
24484
25488
26514
27374
28300
29046
29740
30422
30994
31478
31878
32240
32518
32706
32774
32852
32770
32666
32446
32154
31798
31372
30838
30248
29608
28842
28076
27180
26248
25258
24188
23072
21908
20660
19392
18100
16680
15302
13872
12378
10858
9326
7804
6202
4620
3002
1432
-206
-1828
-3404
-5024
-6592
-8194
-9700
-11268
-12734
-14240
-15644
-17048
-18404
-19732
-20988
-22176
-23374
-24462
-25510
-26480
-27420
-28262
-29034
-29798
-30390
-30978
-31492
-31884
-32250
-32500
-32680
-32832
-32816
-32784
-32644
-32458
-32152
-31826
-31336
-30836
-30284
-29572
-28870
-28044
-27212
-26220
-25278
-24174
-23086
-21900
-20652
-19418
-18068
-16694
-15326
-13824
-12396
-10870
-9338
-7782
-6210
-4598
-3046
-1390
186
1830
3402
5028
6604
8154
9742
11256
12728
14228
15672
17028
18414
19730
20984
22176
23384
24450
25520
26468
27430
28250
29070
29746
30422
30974
31480
31894
32238
32532
32658
32822
32818
32802
32636
32454
32170
31780
31382
30834
30254
29600
28854
28048
27224
26208
25268
24200
23068
21896
20676
19396
18072
16712
15288
13870
12366
10864
9364
7754
6216
4626
3012
1410
-206
-1800
-3436
-5006
-6590
-8208
-9690
-11264
-12752
-14214
-15666
-17024
-18446
-19696
-20986
-22210
-23338
-24500
-25458
-26524
-27396
-28268
-29054
-29762
-30416
-30980
-31466
-31906
-32240
-32504
-32696
-32792
-32856
-32756
-32672
-32428
-32184
-31788
-31354
-30858
-30252
-29590
-28868
-28044
-27208
-26228
-25264
-24200
-23044
-21936
-20646
-19412
-18064
-16718
-15288
-13866
-12368
-10878
-9330
-7790
-6210
-4618
-3000
-1426
196
1824
3412
5022
6610
8160
9710
11288
12720
14234
15658
17028
18436
19702
20992
22202
23350
24460
25506
26506
27402
28248
29078
29756
30392
31000
31474
31878
32276
32476
32714
32780
32856
32760
32672
32436
32170
31792
31370
30828
30278
29574
28866
28068
27172
26260
25246
24194
23070
21906
20668
19394
18082
16700
15298
13858
12378
10868
9340
7794
6186
4632
3006
1420
-206
-1814
-3416
-5002
-6620
-8174
-9712
-11256
-12750
-14216
-15666
-17034
-18420
-19730
-20960
-22218
-23340
-24482
-25504
-26468
-27440
-28246
-29048
-29794
-30372
-31022
-31434
-31914
-32270
-32454
-32730
-32792
-32824
-32792
-32652
-32468
-32116
-31838
-31332
-30868
-30250
-29590
-28864
-28048
-27202
-26236
-25260
-24188
-23082
-21890
-20678
-19388
-18076
-16726
-15272
-13856
-12406
-10840
-9346
-7794
-6202
-4616
-3022
-1402
196
1802
3434
5014
6590
8192
9712
11246
12752
14238
15626
17072
18398
19730
20972
22204
23354
24470
25504
26490
27410
28262
29050
29774
30402
30988
31464
31902
32244
32516
32672
32814
32826
32794
32640
32458
32156
31798
31366
30842
30260
29584
28878
28030
27218
26232
25248
24204
23068
21904
20670
19384
18098
16684
15310
13848
12382
10870
9340
7774
6232
4582
3054
1372
-172
-1820
-3426
-5010
-6602
-8182
-9710
-11254
-12758
-14216
-15652
-17048
-18420
-19718
-20964
-22224
-23330
-24500
-25466
-26520
-27408
-28254
-29052
-29770
-30408
-30986
-31458
-31932
-32204
-32532
-32676
-32836
-32768
-32848
-32620
-32448
-32174
-31790
-31364
-30844
-30260
-29592
-28856
-28060
-27180
-26264
-25236
-24210
-23062
-21900
-20664
-19422
-18040
-16744
-15258
-13892
-12360
-10870
-9332
-7808
-6174
-4638
-3020
-1396
198
1802
3444
4980
6642
8142
9740
11244
12758
14206
15672
17038
18400
19748
20958
22224
23328
24468
25532
26460
27432
28260
29040
29784
30404
30968
31492
31886
32246
32510
32684
32802
32856
32748
32672
32438
32188
31778
31344
30888
30218
29610
28868
28030
27208
26248
25252
24204
23050
21902
20694
19380
18078
16694
15306
13878
12344
10896
9308
7820
6192
4614
3008
1428
-194
-1844
-3398
-5014
-6600
-8190
-9708
-11270
-12720
-14256
-15626
-17060
-18410
-19724
-20974
-22204
-23362
-24456
-25510
-26500
-27384
-28294
-29040
-29750
-30436
-30968
-31472
-31914
-32222
-32512
-32712
-32768
-32860
-32772
-32648
-32464
-32148
-31812
-31346
-30854
-30256
-29584
-28886
-28014
-27238
-26212
-25268
-24186
-23074
-21906
-20664
-19394
-18086
-16702
-15292
-13872
-12344
-10908
-9328
-7762
-6236
-4602
-3026
-1396
184
1824
3406
5036
6588
8170
9738
11232
12774
14196
15670
17048
18400
19732
20976
22202
23364
24448
25516
26486
27424
28252
29056
29756
30438
30950
31490
31892
32246
32502
32704
32790
32828
32800
32640
32452
32170
31776
31378
30864
30210
29634
28832
28082
27168
26260
25248
24194
23076
21892
20684
19388
18082
16686
15326
13838
12384
10860
9356
7772
6210
4610
3030
1396
-188
-1812
-3440
-4986
-6624
-8166
-9724
-11250
-12750
-14230
-15640
-17056
-18418
-19702
-20998
-22190
-23362
-24466
-25494
-26508
-27408
-28236
-29096
-29732
-30424
-30976
-31482
-31890
-32236
-32532
-32664
-32808
-32860
-32736
-32684
-32452
-32142
-31806
-31364
-30848
-30244
-29600
-28870
-28036
-27200
-26252
-25252
-24192
-23068
-21894
-20688
-19386
-18080
-16702
-15298
-13850
-12392
-10868
-9334
-7788
-6184
-4652
-3008
-1392
182
1810
3436
5004
6602
8192
9696
11270
12740
14230
15646
17060
18398
19728
20988
22182
23370
24458
25508
26490
27418
28254
29060
29746
30442
30960
31480
31898
32236
32512
32696
32804
32818
32792
32662
32444
32150
31816
31338
30872
30236
29596
28862
28078
27156
26260
25262
24186
23068
21908
20674
19396
18060
16724
15286
13872
12358
10884
9324
7806
6200
4592
3056
1388
-206
-1784
-3456
-4992
-6620
-8150
-9746
-11238
-12770
-14188
-15674
-17052
-18394
-19748
-20966
-22186
-23384
-24450
-25500
-26504
-27404
-28270
-29046
-29772
-30384
-31018
-31458
-31910
-32212
-32536
-32680
-32800
-32836
-32780
-32668
-32428
-32172
-31796
-31362
-30840
-30272
-29570
-28876
-28050
-27186
-26268
-25234
-24182
-23102
-21892
-20654
-19410
-18070
-16708
-15308
-13838
-12390
-10858
-9352
-7780
-6206
-4614
-3032
-1398
196
1824
3410
5020
6594
8178
9728
11252
12740
14228
15654
17050
18410
19710
21014
22154
23390
24456
25514
26470
27434
28244
29064
29758
30416
30978
31482
31888
32246
32496
32718
32782
32832
32790
32660
32422
32188
31792
31350
30858
30240
29612
28848
28066
27182
26236
25288
24154
23098
21888
20678
19388
18088
16684
15316
13846
12386
10872
9336
7772
6224
4602
3038
1392
-190
-1824
-3406
-5030
-6596
-8178
-9710
-11270
-12730
-14236
-15650
-17042
-18426
-19690
-21024
-22168
-23370
-24454
-25514
-26490
-27398
-28284
-29054
-29730
-30456
-30960
-31460
-31918
-32238
-32508
-32680
-32816
-32836
-32768
-32664
-32442
-32170
-31788
-31366
-30856
-30234
-29610
-28854
-28048
-27196
-26270
-25224
-24194
-23090
-21878
-20684
-19404
-18066
-16692
-15322
-13842
-12382
-10872
-9346
-7766
-6214
-4612
-3032
-1410
220
1800
3424
5010
6606
8168
9736
11230
12774
14204
15666
17036
18436
19690
21002
22196
23348
24470
25510
26488
27412
28266
29048
29772
30400
31000
31442
31934
32230
32498
32696
32810
32826
32786
32638
32470
32148
31810
31350
30848
30248
29610
28862
28032
27204
26252
25240
24208
23062
21908
20670
19384
18094
16680
15324
13850
12368
10874
9356
7758
6216
4610
3036
1394
-188
-1828
-3394
-5052
-6576
-8182
-9714
-11264
-12738
-14228
-15648
-17064
-18392
-19736
-20960
-22224
-23350
-24450
-25518
-26488
-27420
-28234
-29100
-29724
-30424
-30980
-31484
-31888
-32250
-32492
-32700
-32812
-32812
-32804
-32644
-32442
-32164
-31818
-31332
-30866
-30242
-29600
-28860
-28044
-27204
-26256
-25232
-24208
-23062
-21904
-20680
-19386
-18078
-16702
-15302
-13854
-12382
-10864
-9348
-7766
-6230
-4592
-3044
-1394
198
1800
3440
5000
6612
8166
9730
11248
12744
14232
15632
17084
18382
19734
20964
22236
23324
24470
25522
26470
27424
28260
29050
29782
30382
30992
31480
31906
32224
32512
32696
32806
32810
32814
32640
32442
32168
31794
31372
30838
30244
29610
28848
28074
27182
26234
25268
24186
23084
21872
20700
19384
18070
16718
15290
13850
12384
10876
9332
7778
6214
4618
3012
1414
-200
-1812
-3426
-5028
-6574
-8186
-9728
-11236
-12774
-14196
-15674
-17038
-18412
-19716
-20992
-22186
-23368
-24456
-25512
-26490
-27408
-28280
-29030
-29770
-30410
-30988
-31480
-31878
-32254
-32500
-32696
-32812
-32816
-32796
-32632
-32472
-32158
-31788
-31370
-30830
-30274
-29586
-28860
-28056
-27188
-26236
-25278
-24178
-23078
-21898
-20664
-19400
-18082
-16700
-15304
-13846
-12392
-10864
-9344
-7762
-6218
-4630
-3016
-1396
186
1826
3410
5024
6590
8184
9720
11260
12724
14240
15662
17032
18428
19696
21000
22192
23364
24464
25502
26494
27412
28252
29072
29740
30436
30964
31476
31914
32224
32508
32700
32806
32810
32802
32656
32432
32186
31780
31358
30854
30262
29576
28878
28038
27208
26244
25238
24218
23052
21888
20708
19372
18082
16710
15278
13878
12376
10872
9324
7778
6238
4598
3028
1386
-176
-1828
-3402
-5032
-6606
-8162
-9714
-11274
-12734
-14226
-15662
-17036
-18412
-19728
-20986
-22180
-23374
-24452
-25530
-26464
-27424
-28268
-29036
-29772
-30416
-30988
-31442
-31942
-32220
-32492
-32716
-32796
-32828
-32784
-32660
-32444
-32154
-31806
-31364
-30838
-30250
-29606
-28864
-28038
-27202
-26238
-25280
-24162
-23082
-21912
-20652
-19412
-18072
-16696
-15304
-13866
-12366
-10874
-9338
-7778
-6208
-4628
-3010
-1408
192
1828
3410
5012
6608
8176
9712
11266
12740
14222
15650
17058
18406
19734
20958
22214
23354
24462
25502
26508
27384
28276
29068
29750
30392
31012
31470
31888
32244
32502
32704
32790
32836
32790
32640
32474
32124
31824
31354
30842
30258
29596
28862
28048
27194
26258
25232
24210
23068
21896
20672
19396
18074
16714
15298
13846
12388
10854
9344
7802
6186
4622
3022
1408
-198
-1824
-3402
-5028
-6600
-8170
-9728
-11240
-12772
-14196
-15682
-17010
-18456
-19686
-20996
-22196
-23362
-24456
-25510
-26496
-27402
-28284
-29026
-29784
-30384
-31038
-31410
-31932
-32236
-32504
-32692
-32808
-32822
-32806
-32622
-32470
-32144
-31814
-31360
-30840
-30250
-29606
-28852
-28056
-27200
-26228
-25272
-24188
-23056
-21922
-20664
-19398
-18072
-16700
-15312
-13840
-12396
-10862
-9336
-7788
-6200
-4624
-3014
-1418
208
1810
3430
5010
6590
8184
9724
11252
12746
14220
15648
17074
18384
19716
21006
22192
23354
24458
25508
26498
27406
28262
29054
29770
30402
30982
31476
31902
32236
32506
32690
32814
32802
32826
32626
32460
32146
31812
31348
30864
30246
29594
28862
28038
27222
26236
25234
24216
23058
21908
20666
19392
18096
16680
15314
13852
12370
10890
9320
7790
6210
4604
3044
1386
-194
-1814
-3412
-5016
-6606
-8184
-9708
-11260
-12748
-14220
-15656
-17044
-18412
-19742
-20944
-22224
-23354
-24456
-25522
-26476
-27408
-28290
-29024
-29780
-30404
-30984
-31480
-31884
-32254
-32496
-32712
-32780
-32838
-32790
-32662
-32418
-32194
-31770
-31384
-30830
-30270
-29578
-28864
-28058
-27192
-26244
-25262
-24186
-23056
-21934
-20648
-19404
-18078
-16690
-15314
-13850
-12384
-10858
-9356
-7764
-6222
-4604
-3032
-1402
200
1812
3428
5004
6608
8168
9732
11248
12754
14208
15664
17056
18402
19706
21012
22180
23362
24454
25528
26474
27406
28280
29048
29752
30420
30986
31456
31922
32228
32514
32682
32810
32834
32786
32634
32462
32168
31778
31382
30830
30266
29580
28874
28054
27170
26276
25230
24218
23052
21894
20690
19400
18050
16728
15282
13874
12358
10896
9308
7808
6194
4626
3004
1422
-210
-1806
-3410
-5032
-6602
-8168
-9722
-11240
-12776
-14200
-15668
-17044
-18408
-19726
-20970
-22214
-23352
-24466
-25508
-26486
-27406
-28282
-29032
-29780
-30392
-31006
-31452
-31916
-32230
-32500
-32704
-32800
-32828
-32788
-32656
-32436
-32168
-31794
-31356
-30864
-30246
-29590
-28856
-28068
-27170
-26274
-25234
-24194
-23080
-21900
-20648
-19430
-18060
-16694
-15310
-13858
-12362
-10896
-9316
-7790
-6210
-4632
-2984
-1442
210
1820
3422
5002
6608
8188
9700
11272
12724
14242
15646
17050
18418
19708
20992
22194
23350
24478
25500
26498
27410
28244
29074
29748
30426
30988
31446
31916
32238
32516
32674
32810
32844
32778
32652
32432
32186
31788
31362
30836
30274
29580
28866
28044
27204
26248
25242
24210
23050
21922
20656
19402
18076
16712
15274
13878
12372
10876
9332
7776
6234
4590
3034
1388
-164
-1858
-3378
-5028
-6618
-8158
-9732
-11246
-12748
-14226
-15640
-17064
-18420
-19702
-20974
-22222
-23352
-24444
-25530
-26484
-27398
-28292
-29028
-29764
-30432
-30956
-31496
-31892
-32238
-32508
-32700
-32788
-32848
-32764
-32672
-32452
-32140
-31816
-31342
-30874
-30220
-29620
-28858
-28050
-27182
-26250
-25284
-24152
-23094
-21892
-20672
-19400
-18064
-16716
-15292
-13870
-12352
-10890
-9344
-7754
-6236
-4608
-3018
-1402
194
1806
3426
5016
6612
8162
9718
11260
12758
14204
15662
17056
18404
19710
21000
22194
23354
24466
25500
26502
27394
28290
29028
29778
30394
31004
31458
31908
32228
32528
32674
32806
32838
32776
32658
32450
32148
31824
31336
30866
30230
29614
28856
28054
27186
26252
25250
24194
23088
21866
20698
19394
18064
16716
15292
13858
12380
10868
9348
7760
6222
4628
2998
1410
-184
-1822
-3426
-4996
-6628
-8150
-9748
-11232
-12752
-14224
-15662
-17042
-18408
-19714
-21012
-22164
-23374
-24456
-25534
-26456
-27428
-28262
-29048
-29774
-30388
-31004
-31474
-31896
-32236
-32506
-32684
-32804
-32856
-32764
-32652
-32456
-32152
-31800
-31366
-30838
-30260
-29594
-28856
-28062
-27182
-26258
-25246
-24194
-23066
-21918
-20656
-19400
-18072
-16702
-15316
-13848
-12356
-10908
-9306
-7804
-6194
-4632
-2998
-1420
192
1828
3412
5010
6616
8164
9722
11260
12744
14218
15662
17040
18422
19704
21014
22148
23398
24456
25500
26494
27412
28270
29036
29772
30416
30988
31444
31932
32230
32514
32676
32798
32864
32760
32652
32454
32166
31788
31368
30844
30252
29582
28904
28002
27228
26232
25240
24218
23056
21896
20690
19384
18086
16686
15308
13854
12378
10884
9322
7776
6236
4588
3038
1398
-194
-1808
-3446
-4994
-6596
-8178
-9740
-11234
-12758
-14214
-15662
-17036
-18436
-19684
-21012
-22184
-23366
-24446
-25522
-26488
-27408
-28266
-29054
-29762
-30406
-30980
-31498
-31874
-32252
-32496
-32716
-32780
-32828
-32820
-32608
-32476
-32158
-31794
-31368
-30832
-30276
-29576
-28858
-28072
-27188
-26232
-25280
-24166
-23076
-21918
-20656
-19400
-18080
-16696
-15306
-13856
-12374
-10860
-9364
-7762
-6210
-4634
-2992
-1424
202
1814
3414
5032
6570
8204
9724
11238
12742
14236
15654
17040
18416
19730
20956
22234
23322
24482
25508
26486
27410
28278
29022
29796
30390
30998
31454
31916
32230
32516
32682
32814
32822
32792
32650
32442
32160
31816
31350
30836
30262
29600
28860
28058
27176
26256
25254
24194
23072
21902
20650
19438
18028
16742
15282
13852
12386
10864
9352
7780
6186
4656
2978
1428
-194
-1824
-3424
-4988
-6642
-8128
-9754
-11250
-12730
-14244
-15640
-17040
-18428
-19718
-20980
-22200
-23354
-24470
-25494
-26494
-27430
-28248
-29042
-29786
-30408
-30956
-31494
-31910
-32222
-32504
-32702
-32812
-32820
-32788
-32644
-32462
-32150
-31808
-31358
-30840
-30250
-29610
-28854
-28042
-27210
-26236
-25258
-24184
-23084
-21894
-20674
-19398
-18066
-16714
-15304
-13850
-12364
-10902
-9302
-7812
-6188
-4628
-3018
-1404
202
1804
3428
5020
6588
8176
9734
11238
12758
14224
15644
17052
18420
19700
21014
22166
23362
24494
25478
26488
27432
28250
29062
29736
30450
30960
31478
31878
32304
32436
32720
32806
32826
32776
32662
32458
32154
31784
31378
30836
30266
29584
28856
28070
27190
26228
25274
24196
23042
21936
20652
19398
18072
16720
15288
13854
12372
10888
9320
7796
6190
4636
3014
1402
-198
-1808
-3436
-4990
-6626
-8158
-9728
-11252
-12754
-14220
-15650
-17042
-18420
-19726
-20968
-22204
-23362
-24460
-25506
-26496
-27412
-28242
-29084
-29742
-30416
-30982
-31470
-31900
-32246
-32506
-32690
-32794
-32836
-32800
-32636
-32442
-32184
-31780
-31372
-30846
-30238
-29612
-28864
-28040
-27206
-26234
-25262
-24194
-23070
-21890
-20686
-19388
-18076
-16700
-15310
-13850
-12372
-10878
-9330
-7792
-6208
-4608
-3026
-1410
200
1818
3424
4992
6636
8136
9768
11206
12776
14222
15630
17076
18398
19732
20962
22214
23356
24450
25526
26482
27424
28234
29080
29748
30424
30970
31480
31892
32262
32472
32724
32774
32862
32762
32662
32446
32156
31818
31336
30860
30246
29594
28880
28030
27206
26240
25262
24188
23070
21896
20678
19400
18072
16704
15300
13862
12364
10866
9364
7762
6224
4586
3050
1398
-204
-1804
-3414
-5050
-6564
-8198
-9706
-11262
-12738
-14240
-15634
-17064
-18408
-19714
-20992
-22180
-23378
-24460
-25498
-26500
-27408
-28262
-29048
-29786
-30390
-30982
-31498
-31864
-32258
-32512
-32700
-32768
-32868
-32760
-32688
-32396
-32200
-31790
-31344
-30880
-30226
-29594
-28870
-28056
-27186
-26258
-25236
-24206
-23058
-21916
-20664
-19390
-18104
-16650
-15356
-13818
-12394
-10870
-9332
-7792
-6182
-4654
-2998
-1408
196
1812
3416
5034
6574
8202
9708
11262
12732
14236
15640
17062
18408
19716
20994
22194
23340
24492
25486
26498
27404
28280
29032
29780
30392
31002
31468
31898
32244
32486
32726
32782
32822
32806
32642
32436
32190
31784
31344
30858
30272
29568
28876
28060
27166
26278
25232
24208
23054
21902
20696
19374
18076
16714
15294
13846
12402
10844
9364
7764
6204
4638
2998
1424
-220
-1800
-3414
-5014
-6614
-8170
-9718
-11262
-12736
-14234
-15642
-17054
-18416
-19710
-21000
-22180
-23366
-24456
-25514
-26484
-27424
-28250
-29064
-29754
-30424
-30962
-31486
-31892
-32264
-32472
-32716
-32792
-32836
-32784
-32644
-32468
-32144
-31804
-31366
-30842
-30248
-29602
-28868
-28034
-27210
-26242
-25262
-24166
-23098
-21890
-20674
-19396
-18062
-16726
-15286
-13870
-12352
-10894
-9330
-7778
-6208
-4624
-3012
-1412
200
1808
3438
4984
6632
8156
9736
11242
12748
14220
15666
17048
18396
19730
20972
22230
23322
24486
25484
26518
27394
28266
29066
29728
30450
30972
31456
31924
32234
32490
32704
32806
32826
32794
32634
32462
32154
31812
31342
30860
30246
29614
28816
28106
27164
26252
25256
24188
23070
21910
20666
19396
18066
16730
15276
13866
12372
10888
9310
7800
6222
4578
3054
1402
-220
-1798
-3414
-5026
-6586
-8210
-9692
-11266
-12740
-14222
-15664
-17040
-18416
-19714
-20994
-22182
-23370
-24462
-25506
-26476
-27440
-28232
-29070
-29760
-30412
-30988
-31464
-31894
-32256
-32504
-32668
-32852
-32784
-32800
-32676
-32416
-32166
-31826
-31332
-30846
-30278
-29570
-28868
-28066
-27184
-26240
-25268
-24176
-23088
-21890
-20676
-19400
-18064
-16710
-15316
-13826
-12394
-10874
-9336
-7774
-6218
-4614
-3008
-1428
226
1788
3430
5022
6590
8190
9720
11230
12778
14204
15666
17032
18428
19708
20994
22194
23350
24466
25518
26484
27416
28256
29046
29776
30412
30964
31510
31868
32240
32524
32674
32826
32798
32818
32630
32468
32128
31840
31318
30894
30208
29628
28842
28072
27166
26268
25248
24190
23068
21908
20672
19392
18072
16712
15294
13852
12392
10864
9334
7780
6218
4610
3020
1418
-214
-1810
-3406
-5032
-6602
-8156
-9752
-11226
-12766
-14210
-15664
-17038
-18424
-19714
-20988
-22190
-23362
-24460
-25510
-26496
-27404
-28266
-29046
-29758
-30446
-30948
-31490
-31878
-32260
-32508
-32696
-32780
-32852
-32784
-32644
-32456
-32160
-31796
-31352
-30878
-30212
-29626
-28846
-28064
-27168
-26282
-25226
-24200
-23078
-21902
-20660
-19406
-18066
-16708
-15306
-13834
-12414
-10846
-9334
-7794
-6210
-4610
-3024
-1392
174
1826
3418
5022
6590
8178
9734
11246
12742
14220
15664
17050
18396
19750
20948
22220
23354
24452
25524
26482
27408
28274
29036
29788
30378
31020
31442
31920
32232
32506
32694
32810
32818
32782
32682
32416
32174
31800
31348
30862
30254
29578
28870
28066
27170
26258
25258
24180
23080
21906
20662
19398
18070
16728
15268
13874
12376
10860
9348
7788
6202
4604
3036
1406
-216
-1792
-3426
-5028
-6586
-8180
-9730
-11242
-12750
-14222
-15660
-17044
-18410
-19716
-21002
-22174
-23374
-24456
-25510
-26500
-27388
-28274
-29058
-29770
-30402
-30972
-31500
-31878
-32248
-32500
-32706
-32806
-32798
-32810
-32658
-32430
-32180
-31794
-31352
-30846
-30258
-29606
-28838
-28064
-27196
-26240
-25266
-24176
-23080
-21908
-20644
-19434
-18050
-16702
-15312
-13856
-12380
-10850
-9368
-7754
-6224
-4614
-3022
-1404
200
1818
3408
5022
6600
8174
9726
11248
12758
14196
15682
17050
18380
19746
20980
22192
23372
24438
25524
26492
27404
28264
29052
29768
30426
30950
31490
31904
32224
32522
32692
32794
32842
32756
32714
32380
32200
31792
31358
30858
30220
29630
28852
28052
27196
26236
25254
24194
23088
21876
20696
19370
18094
16696
15304
13848
12384
10882
9314
7806
6192
4626
3006
1430
-210
-1822
-3406
-5010
-6636
-8146
-9716
-11278
-12730
-14220
-15670
-17034
-18414
-19724
-20980
-22210
-23340
-24474
-25506
-26486
-27408
-28288
-29022
-29778
-30408
-30992
-31460
-31894
-32264
-32480
-32716
-32792
-32832
-32780
-32672
-32424
-32172
-31804
-31346
-30862
-30236
-29604
-28866
-28048
-27184
-26258
-25246
-24186
-23094
-21882
-20684
-19378
-18088
-16708
-15290
-13854
-12388
-10862
-9346
-7778
-6204
-4624
-3014
-1410
198
1810
3426
5024
6578
8188
9730
11238
12754
14232
15638
17044
18428
19712
20982
22208
23344
24476
25496
26496
27408
28268
29050
29764
30416
30956
31518
31872
32234
32524
32678
32822
32812
32794
32656
32438
32168
31808
31338
30866
30240
29608
28838
28086
27150
26300
25210
24214
23044
21948
20626
19428
18064
16696
15312
13840
12394
10872
9318
7802
6190
4638
3004
1416
-206
-1804
-3442
-4974
-6644
-8152
-9732
-11254
-12738
-14228
-15650
-17056
-18394
-19748
-20964
-22212
-23316
-24518
-25472
-26514
-27400
-28252
-29074
-29748
-30426
-30960
-31504
-31866
-32266
-32488
-32708
-32792
-32828
-32812
-32624
-32446
-32184
-31782
-31352
-30870
-30246
-29582
-28880
-28048
-27184
-26248
-25260
-24190
-23066
-21920
-20650
-19406
-18074
-16710
-15296
-13850
-12386
-10870
-9342
-7766
-6214
-4638
-2992
-1434
232
1780
3446
5002
6608
8166
9740
11228
12768
14210
15658
17044
18420
19712
20990
22192
23364
24456
25512
26494
27398
28270
29076
29728
30422
30994
31456
31902
32256
32490
32706
32776
32872
32748
32656
32488
32106
31840
31348
30834
30274
29568
28874
28066
27178
26248
25254
24206
23038
21940
20642
19404
18078
16706
15300
13854
12378
10866
9356
7760
6208
4646
2980
1428
-204
-1796
-3446
-5002
-6604
-8178
-9716
-11254
-12746
-14234
-15642
-17044
-18428
-19700
-21004
-22188
-23362
-24444
-25532
-26482
-27406
-28268
-29046
-29778
-30402
-30972
-31498
-31884
-32230
-32534
-32666
-32814
-32838
-32766
-32682
-32412
-32184
-31794
-31364
-30840
-30246
-29620
-28822
-28098
-27164
-26258
-25238
-24214
-23072
-21866
-20722
-19354
-18098
-16708
-15276
-13876
-12376
-10850
-9362
-7772
-6212
-4604
-3036
-1394
188
1818
3424
5014
6592
8200
9702
11246
12758
14234
15638
17056
18410
19712
20994
22200
23344
24480
25488
26506
27414
28250
29062
29762
30410
30966
31510
31880
32226
32532
32674
32814
32830
32770
32678
32432
32158
31808
31348
30870
30222
29620
28854
28054
27174
26272
25250
24174
23098
21876
20692
19366
18108
16696
15296
13854
12368
10904
9298
7808
6212
4596
3032
1410
-200
-1836
-3372
-5052
-6590
-8178
-9722
-11244
-12752
-14238
-15620
-17086
-18386
-19728
-20974
-22218
-23340
-24474
-25500
-26486
-27430
-28248
-29064
-29748
-30428
-30962
-31502
-31878
-32240
-32512
-32700
-32796
-32832
-32776
-32664
-32442
-32170
-31792
-31366
-30816
-30302
-29564
-28856
-28068
-27208
-26214
-25268
-24192
-23056
-21940
-20634
-19420
-18056
-16708
-15308
-13856
-12364
-10890
-9330
-7768
-6230
-4606
-3010
-1428
216
1814
3396
5038
6590
8190
9704
11266
12736
14238
15626
17084
18394
19708
21002
22180
23378
24438
25544
26454
27424
28272
29048
29752
30444
30938
31500
31910
32216
32516
32696
32804
32820
32782
32682
32416
32174
31800
31342
30880
30240
29576
28872
28068
27176
26248
25268
24178
23066
21932
20638
19416
18052
16748
15252
13886
12372
10856
9360
7770
6196
4634
3032
1376
-182
-1816
-3420
-5008
-6614
-8170
-9712
-11272
-12730
-14232
-15654
-17042
-18412
-19718
-21002
-22174
-23372
-24458
-25506
-26504
-27384
-28290
-29040
-29770
-30412
-30972
-31478
-31920
-32196
-32534
-32700
-32768
-32880
-32760
-32644
-32452
-32168
-31792
-31366
-30846
-30264
-29560
-28906
-28028
-27188
-26258
-25242
-24202
-23074
-21890
-20676
-19400
-18078
-16694
-15312
-13842
-12392
-10858
-9350
-7778
-6204
-4628
-3004
-1424
208
1824
3406
5008
6608
8194
9694
11268
12750
14208
15666
17048
18404
19730
20976
22186
23386
24442
25512
26494
27410
28258
29058
29764
30406
30980
31488
31892
32224
32536
32670
32816
32814
32814
32622
32470
32150
31796
31378
30832
30250
29614
28844
28058
27188
26252
25264
24174
23080
21896
20672
19396
18080
16704
15294
13852
12388
10864
9354
7760
6212
4628
3008
1420
-214
-1798
-3436
-5002
-6612
-8162
-9720
-11274
-12734
-14214
-15672
-17034
-18418
-19720
-20984
-22192
-23358
-24464
-25520
-26482
-27390
-28302
-29024
-29776
-30404
-30988
-31486
-31862
-32268
-32516
-32652
-32836
-32830
-32782
-32630
-32464
-32184
-31766
-31368
-30860
-30244
-29596
-28858
-28060
-27176
-26266
-25252
-24176
-23102
-21868
-20688
-19398
-18066
-16710
-15300
-13862
-12358
-10888
-9334
-7782
-6206
-4616
-3030
-1396
194
1814
3428
5004
6600
8188
9700
11284
12720
14230
15662
17044
18408
19728
20968
22210
23358
24458
25510
26492
27410
28258
29048
29800
30364
31014
31456
31914
32224
32520
32692
32794
32840
32784
32642
32454
32182
31780
31348
30876
30236
29606
28836
28082
27176
26252
25256
24182
23084
21900
20660
19414
18052
16726
15286
13870
12368
10870
9334
7802
6180
4646
3000
1414
-208
-1798
-3420
-5026
-6602
-8166
-9734
-11236
-12756
-14222
-15654
-17052
-18420
-19688
-21004
-22208
-23350
-24454
-25514
-26492
-27412
-28264
-29048
-29772
-30392
-30996
-31486
-31870
-32268
-32492
-32692
-32800
-32864
-32740
-32680
-32436
-32168
-31804
-31342
-30854
-30260
-29608
-28818
-28090
-27198
-26208
-25292
-24174
-23078
-21898
-20666
-19400
-18080
-16710
-15274
-13884
-12364
-10874
-9342
-7772
-6214
-4624
-3012
-1414
214
1800
3428
5018
6580
8200
9698
11284
12712
14244
15644
17058
18400
19728
20978
22212
23344
24460
25516
26494
27394
28274
29056
29748
30432
30978
31460
31926
32202
32532
32700
32784
32838
32794
32642
32444
32186
31768
31372
30850
30252
29586
28872
28056
27174
26272
25236
24198
23074
21890
20680
19400
18064
16716
15280
13892
12346
10882
9346
7766
6220
4610
3022
1412
-202
-1812
-3432
-4986
-6644
-8130
-9750
-11242
-12758
-14220
-15638
-17070
-18394
-19728
-20992
-22182
-23368
-24458
-25510
-26482
-27434
-28240
-29062
-29762
-30408
-30984
-31492
-31866
-32254
-32516
-32684
-32804
-32856
-32728
-32704
-32432
-32148
-31830
-31336
-30850
-30256
-29590
-28872
-28052
-27180
-26258
-25254
-24184
-23088
-21874
-20690
-19384
-18102
-16684
-15298
-13866
-12368
-10878
-9346
-7756
-6232
-4608
-3034
-1378
168
1838
3408
5004
6622
8158
9750
11216
12768
14230
15630
17076
18394
19720
20994
22188
23362
24470
25488
26510
27396
28280
29036
29780
30396
30994
31464
31910
32228
32514
32690
32810
32826
32786
32642
32460
32158
31800
31356
30854
30248
29596
28864
28056
27182
26262
25224
24216
23074
21890
20672
19408
18066
16706
15302
13852
12378
10878
9322
7802
6196
4630
2990
1444
-222
-1808
-3414
-5014
-6624
-8154
-9724
-11258
-12738
-14230
-15656
-17050
-18406
-19716
-20996
-22188
-23370
-24446
-25522
-26480
-27426
-28238
-29072
-29754
-30424
-30976
-31472
-31894
-32256
-32488
-32708
-32800
-32824
-32788
-32656
-32446
-32134
-31856
-31322
-30848
-30270
-29586
-28864
-28040
-27196
-26260
-25252
-24186
-23070
-21904
-20666
-19410
-18066
-16698
-15312
-13858
-12354
-10902
-9322
-7780
-6212
-4612
-3040
-1378
180
1816
3434
4996
6604
8182
9722
11256
12738
14236
15632
17074
18402
19704
21012
22170
23380
24450
25508
26498
27396
28284
29032
29780
30406
30986
31462
31904
32246
32490
32720
32782
32838
32782
32660
32446
32150
31814
31352
30854
30240
29608
28856
28052
27198
26248
25240
24202
23068
21916
20652
19412
18056
16720
15298
13836
12408
10856
9346
7764
6228
4608
3024
1402
-192
-1832
-3392
-5034
-6598
-8168
-9728
-11244
-12758
-14222
-15646
-17056
-18408
-19716
-20992
-22196
-23350
-24462
-25522
-26480
-27400
-28292
-29036
-29760
-30400
-31012
-31458
-31898
-32240
-32500
-32712
-32768
-32888
-32728
-32684
-32436
-32162
-31806
-31356
-30836
-30280
-29566
-28872
-28050
-27206
-26234
-25258
-24190
-23078
-21892
-20682
-19382
-18086
-16698
-15312
-13838
-12396
-10852
-9360
-7756
-6228
-4614
-3014
-1412
196
1828
3408
5006
6620
8164
9722
11268
12728
14228
15660
17046
18416
19702
21006
22184
23354
24478
25506
26472
27430
28258
29048
29764
30416
30978
31472
31910
32236
32488
32716
32790
32842
32774
32656
32448
32166
31788
31376
30828
30262
29614
28820
28098
27158
26260
25268
24170
23088
21884
20690
19388
18066
16706
15314
13850
12380
10858
9348
7784
6204
4624
3000
1438
-236
-1782
-3426
-5038
-6572
-8192
-9720
-11242
-12758
-14216
-15672
-17018
-18426
-19726
-20974
-22208
-23350
-24470
-25498
-26488
-27428
-28256
-29042
-29776
-30408
-30980
-31470
-31904
-32242
-32502
-32704
-32776
-32872
-32748
-32676
-32436
-32156
-31820
-31346
-30842
-30254
-29624
-28814
-28082
-27200
-26220
-25272
-24184
-23076
-21904
-20672
-19386
-18074
-16718
-15286
-13872
-12354
-10900
-9314
-7794
-6196
-4640
-2990
-1434
208
1822
3420
4996
6618
8170
9724
11250
12748
14234
15624
17086
18384
19732
20978
22204
23360
24450
25516
26494
27410
28256
29056
29762
30424
30952
31520
31846
32302
32444
32736
32774
32856
32774
32648
32446
32172
31798
31348
30868
30222
29612
28868
28038
27210
26228
25272
24170
23100
21868
20696
19380
18090
16702
15284
13866
12384
10868
9330
7784
6226
4592
3038
1392
-176
-1844
-3394
-5042
-6568
-8208
-9690
-11282
-12740
-14210
-15660
-17062
-18384
-19748
-20962
-22212
-23346
-24464
-25528
-26456
-27448
-28234
-29070
-29750
-30432
-30962
-31486
-31888
-32254
-32498
-32690
-32810
-32828
-32788
-32652
-32432
-32188
-31790
-31344
-30868
-30238
-29610
-28852
-28060
-27168
-26276
-25260
-24160
-23088
-21904
-20684
-19362
-18100
-16710
-15278
-13868
-12372
-10886
-9318
-7794
-6214
-4594
-3042
-1408
224
1778
3460
4980
6626
8160
9732
11232
12786
14190
15658
17056
18426
19690
21006
22182
23370
24458
25512
26482
27406
28286
29028
29786
30390
30992
31472
31902
32234
32514
32702
32766
32874
32760
32662
32440
32164
31808
31354
30838
30262
29588
28864
28062
27180
26252
25260
24180
23072
21910
20664
19398
18076
16706
15296
13864
12366
10868
9348
7776
6218
4610
3020
1406
-198
-1814
-3418
-5016
-6598
-8180
-9720
-11250
-12754
-14216
-15644
-17084
-18380
-19730
-20986
-22194
-23348
-24488
-25484
-26498
-27414
-28262
-29066
-29746
-30414
-30990
-31470
-31890
-32260
-32488
-32692
-32816
-32828
-32784
-32640
-32450
-32186
-31772
-31366
-30860
-30230
-29604
-28868
-28054
-27182
-26248
-25270
-24168
-23088
-21894
-20690
-19368
-18084
-16722
-15280
-13854
-12396
-10854
-9350
-7782
-6194
-4638
-2992
-1438
214
1812
3418
5018
6608
8168
9712
11274
12732
14232
15644
17068
18382
19746
20970
22198
23370
24434
25544
26470
27406
28280
29042
29756
30434
30946
31504
31892
32242
32494
32700
32802
32834
32790
32642
32456
32146
31834
31322
30870
30246
29594
28864
28052
27194
26240
25262
24186
23078
21900
20670
19392
18076
16714
15290
13856
12386
10858
9340
7802
6186
4624
3018
1414
-206
-1810
-3414
-5022
-6616
-8142
-9750
-11228
-12782
-14192
-15666
-17052
-18400
-19730
-20992
-22184
-23358
-24464
-25522
-26462
-27438
-28244
-29070
-29738
-30432
-30992
-31440
-31930
-32218
-32520
-32692
-32808
-32816
-32796
-32648
-32446
-32170
-31784
-31374
-30840
-30258
-29590
-28864
-28058
-27178
-26262
-25254
-24166
-23110
-21870
-20692
-19384
-18080
-16696
-15306
-13868
-12356
-10890
-9326
-7790
-6206
-4600
-3050
-1390
204
1798
3440
4990
6624
8158
9736
11240
12764
14202
15658
17064
18396
19728
20982
22192
23368
24460
25496
26514
27388
28280
29042
29768
30400
31004
31458
31910
32216
32538
32672
32818
32814
32794
32656
32432
32190
31772
31372
30844
30254
29598
28854
28066
27174
26264
25238
24208
23052
21920
20666
19384
18102
16676
15316
13848
12370
10886
9334
7782
6200
4644
2970
1454
-224
-1812
-3400
-5036
-6594
-8174
-9720
-11270
-12720
-14238
-15656
-17040
-18420
-19712
-20990
-22182
-23386
-24448
-25496
-26510
-27398
-28276
-29034
-29770
-30418
-30984
-31470
-31904
-32214
-32538
-32686
-32796
-32834
-32790
-32650
-32442
-32172
-31786
-31368
-30848
-30246
-29604
-28836
-28110
-27128
-26294
-25232
-24178
-23108
-21870
-20690
-19396
-18054
-16728
-15300
-13832
-12400
-10868
-9318
-7808
-6200
-4620
-2994
-1446
230
1804
3410
5016
6616
8156
9742
11242
12750
14214
15672
17030
18420
19712
21006
22174
23370
24464
25492
26512
27394
28284
29030
29784
30394
30974
31500
31884
32240
32518
32680
32806
32830
32790
32652
32444
32166
31792
31360
30848
30264
29580
28854
28088
27166
26238
25282
24162
23090
21904
20662
19398
18080
16694
15310
13864
12362
10858
9370
7760
6222
4608
3020
1408
-194
-1822
-3408
-5018
-6616
-8170
-9706
-11272
-12732
-14228
-15660
-17036
-18424
-19708
-20990
-22210
-23332
-24480
-25492
-26514
-27386
-28286
-29034
-29782
-30386
-30998
-31478
-31882
-32240
-32540
-32672
-32784
-32852
-32792
-32632
-32448
-32184
-31782
-31360
-30848
-30258
-29592
-28858
-28064
-27174
-26266
-25250
-24180
-23086
-21896
-20672
-19394
-18084
-16700
-15286
-13866
-12384
-10864
-9336
-7794
-6200
-4612
-3026
-1406
202
1816
3390
5052
6588
8170
9726
11260
12746
14204
15676
17032
18436
19692
20994
22198
23358
24460
25540
26436
27440
28262
29044
29770
30422
30958
31504
31864
32278
32460
32738
32776
32854
32754
32668
32460
32150
31796
31364
30844
30258
29594
28854
28062
27190
26256
25230
24196
23104
21864
20686
19412
18050
16706
15318
13834
12406
10838
9362
7772
6212
4628
2984
1446
-216
-1812
-3422
-5012
-6590
-8188
-9738
-11210
-12798
-14180
-15678
-17038
-18420
-19710
-20990
-22202
-23346
-24470
-25506
-26484
-27416
-28274
-29028
-29788
-30400
-30970
-31492
-31900
-32222
-32526
-32672
-32828
-32816
-32780
-32666
-32420
-32218
-31756
-31352
-30876
-30244
-29580
-28878
-28044
-27200
-26242
-25264
-24180
-23070
-21904
-20678
-19386
-18078
-16706
-15302
-13866
-12354
-10884
-9336
-7790
-6198
-4614
-3036
-1392
192
1818
3412
5022
6604
8164
9732
11254
12750
14208
15666
17044
18422
19706
20986
22208
23354
24458
25512
26482
27428
28234
29096
29724
30434
30964
31486
31908
32216
32530
32682
32798
32846
32762
32674
32436
32174
31788
31348
30870
30240
29596
28866
28060
27178
26254
25258
24178
23094
21882
20680
19394
18078
16698
15310
13852
12376
10868
9344
7776
6222
4612
3000
1426
-194
-1828
-3406
-5030
-6592
-8182
-9716
-11250
-12754
-14216
-15658
-17054
-18398
-19724
-21004
-22158
-23392
-24450
-25510
-26480
-27428
-28254
-29064
-29738
-30440
-30964
-31484
-31890
-32242
-32520
-32684
-32796
-32848
-32760
-32672
-32444
-32156
-31818
-31336
-30854
-30272
-29554
-28906
-28024
-27196
-26266
-25228
-24220
-23048
-21898
-20686
-19396
-18074
-16698
-15304
-13848
-12384
-10870
-9340
-7780
-6200
-4636
-2998
-1422
204
1826
3390
5042
6598
8156
9740
11248
12750
14220
15646
17056
18426
19686
21016
22166
23394
24420
25554
26460
27406
28292
29030
29770
30414
30966
31500
31882
32228
32542
32664
32808
32842
32770
32664
32440
32176
31774
31382
30840
30244
29606
28860
28050
27188
26256
25248
24182
23092
21900
20660
19394
18080
16710
15292
13848
12398
10860
9342
7774
6216
4614
3016
1424
-234
-1782
-3430
-5026
-6576
-8202
-9710
-11256
-12732
-14238
-15658
-17040
-18414
-19708
-21012
-22164
-23368
-24486
-25472
-26502
-27432
-28244
-29046
-29772
-30418
-30980
-31460
-31922
-32204
-32554
-32658
-32818
-32828
-32796
-32624
-32466
-32170
-31788
-31362
-30852
-30242
-29602
-28864
-28048
-27194
-26246
-25258
-24182
-23084
-21884
-20684
-19402
-18060
-16704
-15310
-13854
-12372
-10870
-9342
-7780
-6212
-4616
-3002
-1434
212
1810
3432
5000
6598
8194
9712
11250
12752
14218
15668
17024
18434
19714
20972
22204
23370
24442
25516
26506
27390
28282
29030
29774
30414
30986
31460
31910
32240
32494
32708
32798
32834
32762
32684
32434
32156
31814
31346
30848
30268
29562
28908
28022
27196
26248
25252
24202
23056
21916
20672
19378
18094
16698
15302
13858
12370
10878
9330
7802
6190
4620
3020
1422
-222
-1804
-3408
-5030
-6602
-8162
-9734
-11256
-12728
-14250
-15614
-17102
-18358
-19762
-20962
-22204
-23354
-24462
-25514
-26488
-27404
-28266
-29056
-29752
-30424
-30980
-31476
-31892
-32242
-32504
-32704
-32784
-32852
-32776
-32652
-32456
-32136
-31830
-31336
-30864
-30250
-29570
-28892
-28052
-27174
-26266
-25238
-24210
-23048
-21920
-20660
-19418
-18034
-16748
-15280
-13852
-12386
-10868
-9336
-7790
-6190
-4642
-2992
-1442
228
1812
3396
5032
6614
8158
9716
11266
12748
14216
15656
17040
18438
19704
20956
22238
23336
24470
25510
26480
27428
28238
29084
29738
30412
31016
31432
31912
32248
32506
32686
32814
32814
32800
32640
32468
32118
31846
31344
30842
30252
29606
28858
28044
27214
26222
25274
24178
23076
21912
20652
19408
18072
16710
15286
13884
12350
10868
9360
7768
6210
4618
3022
1400
-186
-1816
-3444
-4974
-6640
-8154
-9722
-11258
-12742
-14232
-15654
-17040
-18416
-19714
-20984
-22224
-23312
-24502
-25480
-26510
-27398
-28278
-29042
-29770
-30400
-30996
-31454
-31934
-32204
-32520
-32700
-32796
-32824
-32812
-32616
-32472
-32150
-31802
-31376
-30814
-30274
-29602
-28840
-28058
-27204
-26244
-25254
-24174
-23094
-21900
-20648
-19428
-18048
-16716
-15294
-13882
-12348
-10884
-9324
-7792
-6218
-4610
-3018
-1392
176
1826
3410
5024
6606
8158
9732
11254
12758
14198
15666
17050
18412
19720
20970
22222
23336
24484
25482
26508
27414
28250
29062
29754
30422
30974
31480
31890
32262
32468
32726
32790
32834
32782
32668
32420
32180
31802
31356
30826
30288
29580
28852
28070
27174
26272
25228
24198
23088
21880
20688
19388
18078
16690
15326
13840
12378
10884
9310
7802
6210
4618
3000
1428
-200
-1830
-3410
-5014
-6590
-8198
-9708
-11262
-12734
-14236
-15650
-17046
-18410
-19724
-20994
-22180
-23358
-24484
-25490
-26488
-27424
-28254
-29056
-29760
-30414
-30978
-31490
-31886
-32230
-32520
-32704
-32774
-32858
-32766
-32666
-32418
-32220
-31746
-31368
-30876
-30212
-29624
-28842
-28076
-27170
-26264
-25246
-24182
-23100
-21870
-20692
-19388
-18074
-16708
-15300
-13854
-12384
-10848
-9372
-7754
-6228
-4608
-3004
-1444
232
1796
3430
5020
6586
8172
9744
11236
12756
14208
15680
17026
18420
19724
20966
22236
23314
24492
25494
26492
27422
28254
29038
29788
30404
30984
31462
31918
32204
32558
32656
32806
32860
32748
32662
32466
32142
31808
31358
30846
30248
29596
28876
28038
27190
26252
25268
24162
23108
21872
20680
19396
18078
16704
15296
13848
12398
10856
9330
7804
6196
4610
3052
1372
-200
-1782
-3446
-5002
-6614
-8182
-9690
-11276
-12752
-14216
-15642
-17072
-18392
-19722
-20988
-22208
-23346
-24462
-25510
-26498
-27394
-28284
-29034
-29782
-30404
-30968
-31492
-31894
-32242
-32500
-32688
-32824
-32820
-32772
-32680
-32410
-32210
-31760
-31382
-30834
-30252
-29616
-28828
-28092
-27168
-26242
-25264
-24196
-23070
-21894
-20668
-19420
-18044
-16732
-15274
-13888
-12344
-10880
-9356
-7756
-6224
-4622
-3008
-1414
208
1808
3416
5016
6610
8170
9728
11224
12796
14184
15672
17038
18410
19736
20972
22186
23380
24456
25492
26506
27412
28252
29070
29744
30424
30976
31474
31894
32248
32510
32680
32806
32848
32752
32686
32440
32136
31830
31346
30844
30264
29586
28860
28066
27176
26264
25244
24190
23076
21906
20666
19392
18080
16700
15314
13834
12394
10860
9350
7766
6226
4600
3034
1406
-206
-1810
-3422
-5010
-6596
-8194
-9720
-11234
-12762
-14208
-15674
-17032
-18426
-19704
-21000
-22180
-23370
-24468
-25486
-26520
-27366
-28326
-28994
-29806
-30370
-31044
-31422
-31902
-32258
-32504
-32692
-32784
-32852
-32780
-32648
-32462
-32134
-31828
-31342
-30862
-30232
-29612
-28868
-28036
-27192
-26270
-25228
-24210
-23062
-21902
-20668
-19414
-18060
-16700
-15304
-13866
-12370
-10868
-9344
-7770
-6218
-4628
-3000
-1416
212
1782
3446
5012
6598
8174
9726
11242
12766
14212
15652
17044
18418
19728
20974
22192
23362
24476
25498
26496
27402
28276
29036
29772
30418
30962
31498
31886
32238
32518
32688
32800
32820
32812
32636
32446
32156
31810
31366
30834
30256
29608
28830
28082
27182
26240
25276
24180
23062
21912
20670
19396
18076
16696
15318
13836
12382
10890
9308
7802
6208
4610
3028
1396
-188
-1822
-3408
-5024
-6620
-8138
-9738
-11262
-12738
-14224
-15646
-17064
-18404
-19722
-20982
-22202
-23348
-24470
-25518
-26480
-27408
-28266
-29056
-29762
-30408
-30980
-31492
-31874
-32250
-32512
-32696
-32776
-32868
-32752
-32680
-32440
-32148
-31818
-31340
-30860
-30250
-29602
-28840
-28080
-27178
-26242
-25274
-24162
-23100
-21890
-20666
-19420
-18036
-16742
-15272
-13872
-12380
-10866
-9326
-7804
-6190
-4626
-3008
-1428
216
1810
3420
5008
6620
8152
9740
11238
12764
14204
15672
17042
18400
19744
20954
22218
23364
24438
25518
26502
27400
28258
29068
29748
30432
30954
31488
31906
32224
32518
32690
32806
32818
32800
32656
32426
32176
31796
31364
30842
30262
29578
28870
28062
27182
26254
25248
24182
23090
21906
20648
19412
18072
16700
15304
13842
12400
10854
9346
7778
6212
4612
3032
1382
-172
-1822
-3432
-5006
-6608
-8164
-9730
-11250
-12754
-14210
-15656
-17060
-18406
-19716
-20988
-22180
-23380
-24454
-25508
-26490
-27414
-28260
-29050
-29770
-30402
-30996
-31448
-31932
-32214
-32518
-32700
-32792
-32828
-32792
-32660
-32428
-32174
-31794
-31374
-30812
-30300
-29574
-28850
-28060
-27200
-26246
-25246
-24192
-23082
-21890
-20684
-19384
-18080
-16700
-15306
-13852
-12378
-10882
-9310
-7806
-6212
-4598
-3024
-1418
200
1830
3394
5038
6594
8164
9736
11252
12738
14228
15644
17070
18386
19744
20954
22234
23324
24484
25502
26490
27404
28284
29018
29794
30410
30964
31496
31854
32298
32486
32664
32840
32818
32776
32666
32438
32172
31792
31354
30856
30256
29596
28854
28052
27190
26262
25244
24186
23080
21892
20684
19388
18066
16726
15276
13878
12362
10870
9338
7798
6192
4610
3042
1390
-194
-1808
-3432
-4992
-6630
-8150
-9746
-11232
-12758
-14220
-15658
-17052
-18392
-19738
-20970
-22202
-23360
-24466
-25494
-26512
-27386
-28294
-29012
-29806
-30380
-31000
-31464
-31902
-32238
-32522
-32670
-32806
-32852
-32768
-32656
-32444
-32170
-31798
-31340
-30868
-30244
-29604
-28850
-28062
-27176
-26272
-25244
-24180
-23090
-21888
-20672
-19404
-18074
-16696
-15312
-13842
-12394
-10854
-9344
-7784
-6210
-4626
-2996
-1420
200
1802
3440
4996
6620
8156
9744
11228
12762
14220
15656
17052
18408
19700
21020
22178
23356
24468
25498
26514
27388
28270
29052
29768
30412
30978
31468
31914
32222
32538
32656
32824
32838
32758
32676
32442
32160
31804
31354
30842
30262
29602
28838
28080
27164
26284
25214
24210
23082
21884
20680
19402
18056
16724
15286
13854
12400
10848
9356
7756
6234
4606
3012
1438
-234
-1802
-3414
-5024
-6592
-8186
-9716
-11246
-12764
-14220
-15632
-17078
-18394
-19722
-20990
-22180
-23390
-24434
-25524
-26478
-27422
-28260
-29044
-29776
-30408
-30970
-31490
-31894
-32240
-32504
-32696
-32796
-32844
-32784
-32640
-32446
-32186
-31772
-31386
-30808
-30298
-29574
-28860
-28052
-27198
-26250
-25250
-24186
-23078
-21900
-20676
-19382
-18088
-16696
-15304
-13860
-12368
-10878
-9342
-7774
-6210
-4612
-3028
-1410
200
1828
3402
5024
6606
8166
9724
11248
12760
14212
15650
17068
18396
19724
20978
22200
23360
24460
25500
26526
27364
28300
29034
29762
30414
30998
31452
31906
32252
32490
32704
32790
32852
32752
32694
32422
32162
31808
31364
30830
30272
29580
28872
28046
27204
26228
25266
24194
23070
21898
20668
19410
18054
16714
15302
13860
12362
10884
9326
7796
6210
4598
3032
1412
-206
-1820
-3406
-5026
-6592
-8184
-9710
-11274
-12726
-14234
-15640
-17074
-18386
-19726
-20992
-22206
-23332
-24480
-25512
-26474
-27414
-28280
-29034
-29778
-30402
-30976
-31494
-31874
-32272
-32464
-32720
-32804
-32832
-32764
-32676
-32434
-32162
-31804
-31358
-30844
-30270
-29566
-28888
-28044
-27174
-26274
-25250
-24182
-23062
-21928
-20652
-19406
-18070
-16702
-15306
-13852
-12378
-10880
-9316
-7800
-6208
-4610
-3010
-1430
220
1804
3418
5016
6604
8174
9714
11268
12742
14216
15654
17064
18392
19728
20982
22210
23338
24478
25500
26496
27396
28288
29034
29772
30412
30972
31482
31898
32232
32518
32700
32778
32854
32766
32660
32468
32124
31838
31328
30858
30250
29616
28834
28078
27164
26280
25226
24198
23092
21880
20676
19406
18066
16704
15298
13862
12374
10884
9318
7794
6212
4606
3024
1408
-196
-1820
-3418
-5020
-6588
-8182
-9740
-11216
-12788
-14194
-15656
-17074
-18380
-19734
-20988
-22184
-23374
-24448
-25518
-26484
-27420
-28252
-29066
-29748
-30406
-31024
-31432
-31910
-32238
-32524
-32652
-32864
-32780
-32804
-32648
-32460
-32148
-31798
-31372
-30836
-30250
-29614
-28844
-28052
-27202
-26242
-25250
-24210
-23048
-21910
-20674
-19388
-18092
-16686
-15320
-13822
-12416
-10842
-9358
-7766
-6222
-4608
-3034
-1388
196
1800
3434
5006
6612
8164
9728
11242
12766
14214
15646
17058
18412
19720
20978
22192
23380
24452
25492
26512
27410
28250
29060
29774
30400
30966
31508
31882
32240
32498
32706
32802
32830
32778
32654
32448
32166
31800
31356
30838
30268
29588
28868
28032
27222
26218
25268
24196
23058
21916
20662
19394
18076
16712
15288
13866
12364
10884
9336
7780
6202
4628
3016
1404
-198
-1808
-3422
-5016
-6610
-8162
-9728
-11252
-12746
-14224
-15650
-17048
-18426
-19700
-20996
-22194
-23360
-24454
-25518
-26492
-27400
-28282
-29028
-29778
-30410
-30980
-31476
-31894
-32236
-32528
-32664
-32832
-32804
-32804
-32632
-32472
-32154
-31786
-31380
-30822
-30278
-29578
-28876
-28034
-27202
-26262
-25242
-24174
-23104
-21874
-20680
-19404
-18068
-16702
-15308
-13854
-12366
-10890
-9324
-7792
-6190
-4630
-3016
-1418
204
1824
3406
5026
6600
8170
9726
11240
12772
14206
15662
17048
18396
19732
20986
22196
23356
24462
25510
26488
27406
28276
29034
29782
30404
30980
31484
31878
32268
32474
32702
32834
32790
32802
32660
32420
32184
31814
31328
30874
30232
29602
28860
28072
27156
26272
25266
24154
23104
21880
20688
19386
18078
16708
15286
13870
12376
10862
9340
7788
6210
4610
3022
1408
-194
-1828
-3404
-5016
-6610
-8168
-9730
-11238
-12770
-14196
-15670
-17050
-18410
-19700
-21014
-22176
-23370
-24464
-25494
-26506
-27390
-28288
-29042
-29758
-30412
-31002
-31450
-31900
-32252
-32508
-32680
-32804
-32856
-32752
-32668
-32464
-32128
-31818
-31356
-30856
-30246
-29594
-28860
-28068
-27164
-26272
-25256
-24178
-23086
-21874
-20692
-19392
-18078
-16710
-15288
-13854
-12396
-10846
-9354
-7782
-6200
-4628
-3012
-1402
178
1842
3408
5004
6622
8158
9722
11254
12766
14194
15686
17024
18420
19712
20994
22188
23364
24464
25500
26498
27396
28300
29014
29780
30416
30964
31486
31888
32280
32446
32736
32792
32822
32806
32632
32448
32186
31768
31384
30828
30270
29582
28854
28090
27154
26268
25242
24200
23066
21900
20682
19388
18076
16704
15302
13856
12370
10882
9332
7786
6208
4602
3038
1408
-208
-1820
-3406
-5022
-6600
-8176
-9714
-11266
-12734
-14236
-15646
-17052
-18404
-19738
-20964
-22202
-23362
-24468
-25490
-26520
-27380
-28280
-29044
-29776
-30384
-31020
-31454
-31886
-32268
-32492
-32688
-32808
-32840
-32768
-32668
-32436
-32162
-31798
-31376
-30834
-30252
-29590
-28864
-28066
-27174
-26276
-25210
-24230
-23048
-21910
-20676
-19384
-18084
-16698
-15302
-13862
-12368
-10874
-9340
-7778
-6210
-4620
-3010
-1420
210
1808
3426
4994
6634
8150
9740
11226
12782
14188
15672
17054
18386
19758
20936
22242
23342
24454
25508
26506
27392
28268
29062
29764
30400
30980
31480
31928
32192
32530
32682
32818
32818
32790
32648
32464
32144
31798
31376
30834
30246
29608
28872
28022
27216
26244
25252
24174
23104
21880
20672
19400
18076
16712
15282
13872
12358
10898
9316
7786
6228
4584
3044
1396
-192
-1814
-3424
-5020
-6584
-8206
-9686
-11282
-12722
-14240
-15658
-17032
-18420
-19728
-20964
-22220
-23346
-24462
-25510
-26492
-27408
-28270
-29036
-29786
-30396
-30988
-31472
-31890
-32258
-32492
-32680
-32836
-32808
-32804
-32612
-32492
-32144
-31808
-31342
-30854
-30264
-29580
-28878
-28034
-27210
-26226
-25272
-24194
-23060
-21898
-20688
-19390
-18062
-16712
-15320
-13826
-12386
-10874
-9352
-7756
-6224
-4628
-2990
-1428
202
1820
3402
5038
6590
8174
9724
11250
12754
14222
15634
17072
18414
19692
21014
22176
23374
24452
25524
26462
27432
28258
29052
29784
30372
31018
31440
31926
32228
32512
32682
32810
32838
32762
32686
32426
32164
31810
31334
30874
30240
29596
28864
28052
27202
26238
25244
24202
23082
21872
20698
19382
18086
16712
15274
13874
12370
10872
9332
7798
6204
4612
3024
1400
-196
-1812
-3424
-5014
-6596
-8182
-9718
-11240
-12784
-14192
-15656
-17060
-18400
-19738
-20966
-22198
-23372
-24450
-25516
-26492
-27400
-28268
-29048
-29774
-30404
-30986
-31466
-31914
-32222
-32528
-32684
-32792
-32840
-32792
-32636
-32468
-32136
-31818
-31356
-30852
-30234
-29618
-28848
-28052
-27208
-26232
-25248
-24206
-23070
-21894
-20676
-19396
-18068
-16720
-15282
-13868
-12368
-10882
-9326
-7790
-6210
-4612
-3010
-1428
206
1836
3386
5024
6614
8160
9746
11224
12760
14222
15662
17040
18416
19716
20986
22180
23396
24436
25500
26518
27388
28280
29042
29762
30426
30970
31468
31926
32212
32510
32708
32794
32832
32788
32642
32446
32178
31788
31368
30832
30266
29586
28876
28034
27202
26252
25240
24208
23056
21916
20658
19396
18094
16686
15306
13858
12382
10844
9376
7768
6200
4628
3002
1428
-210
-1812
-3428
-4988
-6626
-8162
-9740
-11232
-12750
-14244
-15622
-17066
-18412
-19718
-20974
-22214
-23346
-24464
-25508
-26510
-27384
-28262
-29076
-29752
-30400
-31000
-31460
-31908
-32230
-32520
-32680
-32800
-32862
-32758
-32650
-32462
-32158
-31798
-31368
-30804
-30320
-29560
-28858
-28058
-27196
-26256
-25220
-24232
-23040
-21922
-20666
-19390
-18078
-16708
-15292
-13862
-12378
-10858
-9360
-7774
-6198
-4622
-3016
-1424
222
1792
3434
5010
6602
8182
9716
11242
12762
14214
15658
17048
18412
19718
20978
22216
23340
24468
25508
26490
27420
28248
29078
29724
30440
30976
31470
31906
32228
32510
32700
32798
32826
32810
32612
32482
32144
31802
31358
30862
30220
29644
28820
28058
27214
26236
25238
24208
23090
21852
20710
19400
18056
16696
15334
13824
12390
10874
9338
7784
6198
4632
3004
1424
-222
-1792
-3434
-4998
-6612
-8182
-9714
-11250
-12750
-14224
-15650
-17048
-18416
-19714
-20994
-22182
-23368
-24466
-25498
-26486
-27426
-28260
-29054
-29754
-30408
-30996
-31476
-31886
-32242
-32512
-32696
-32792
-32824
-32808
-32636
-32454
-32174
-31784
-31354
-30850
-30264
-29594
-28848
-28056
-27212
-26214
-25282
-24176
-23084
-21890
-20668
-19418
-18052
-16716
-15290
-13864
-12368
-10884
-9330
-7778
-6214
-4614
-3026
-1404
194
1832
3408
5010
6614
8156
9738
11248
12760
14196
15668
17054
18406
19710
21002
22194
23346
24440
25584
26414
27450
28248
29060
29764
30406
30986
31470
31908
32230
32510
32696
32802
32820
32808
32632
32456
32158
31802
31372
30806
30296
29574
28880
28030
27206
26236
25266
24180
23080
21910
20634
19444
18044
16716
15292
13856
12386
10862
9350
7764
6222
4620
3002
1424
-198
-1832
-3400
-5032
-6586
-8190
-9706
-11258
-12762
-14200
-15660
-17072
-18384
-19722
-21008
-22172
-23354
-24500
-25466
-26520
-27390
-28266
-29064
-29752
-30422
-30962
-31494
-31898
-32224
-32516
-32704
-32796
-32808
-32824
-32620
-32456
-32180
-31778
-31360
-30856
-30250
-29598
-28856
-28056
-27186
-26258
-25250
-24178
-23080
-21914
-20662
-19396
-18072
-16692
-15328
-13834
-12396
-10844
-9368
-7764
-6216
-4610
-3020
-1410
188
1840
3384
5042
6600
8164
9734
11248
12742
14214
15682
17028
18412
19730
20974
22200
23356
24468
25508
26480
27432
28244
29054
29776
30408
30960
31514
31866
32246
32506
32704
32802
32812
32816
32628
32444
32182
31790
31348
30866
30232
29610
28866
28032
27212
26246
25242
24190
23102
21852
20724
19356
18100
16682
15314
13870
12348
10886
9334
7788
6198
4638
2990
1424
-200
-1812
-3430
-5006
-6610
-8162
-9724
-11272
-12720
-14236
-15656
-17056
-18388
-19742
-20964
-22212
-23358
-24454
-25518
-26482
-27414
-28264
-29042
-29778
-30424
-30928
-31532
-31870
-32234
-32532
-32680
-32800
-32820
-32804
-32656
-32422
-32190
-31784
-31362
-30856
-30234
-29612
-28864
-28034
-27206
-26254
-25240
-24184
-23094
-21878
-20700
-19364
-18096
-16698
-15294
-13868
-12360
-10890
-9326
-7784
-6216
-4600
-3038
-1396
194
1824
3400
5028
6600
8188
9704
11258
12748
14218
15658
17050
18400
19746
20956
22210
23358
24466
25502
26484
27424
28252
29056
29770
30402
30992
31454
31916
32230
32518
32684
32812
32818
32790
32676
32414
32168
31816
31348
30850
30248
29604
28854
28054
27202
26232
25268
24180
23082
21888
20682
19384
18108
16658
15330
13856
12362
10866
9364
7758
6218
4632
2982
1440
-210
-1824
-3404
-5018
-6608
-8172
-9720
-11264
-12732
-14234
-15650
-17044
-18420
-19710
-20986
-22206
-23354
-24460
-25508
-26490
-27410
-28268
-29046
-29778
-30394
-30976
-31516
-31856
-32254
-32498
-32716
-32784
-32836
-32788
-32640
-32464
-32152
-31802
-31346
-30866
-30256
-29574
-28866
-28078
-27152
-26280
-25244
-24172
-23112
-21874
-20668
-19408
-18072
-16706
-15292
-13874
-12362
-10878
-9340
-7778
-6188
-4672
-2962
-1438
212
1800
3430
5024
6582
8182
9724
11258
12726
14246
15646
17056
18400
19722
20988
22198
23350
24474
25508
26478
27426
28240
29086
29736
30428
30962
31504
31874
32246
32500
32718
32774
32852
32778
32644
32462
32154
31792
31376
30834
30260
29598
28848
28068
27194
26240
25240
24216
23062
21890
20688
19382
18080
16708
15290
13866
12368
10880
9334
7784
6202
4630
3006
1416
-200
-1824
-3408
-5024
-6600
-8162
-9746
-11230
-12766
-14208
-15654
-17074
-18378
-19748
-20952
-22234
-23328
-24486
-25482
-26506
-27416
-28262
-29044
-29768
-30400
-30996
-31476
-31890
-32250
-32488
-32720
-32784
-32836
-32776
-32676
-32420
-32184
-31798
-31336
-30872
-30250
-29574
-28888
-28030
-27218
-26218
-25278
-24176
-23072
-21910
-20666
-19404
-18064
-16708
-15296
-13864
-12364
-10896
-9312
-7802
-6192
-4622
-3026
-1400
196
1808
3428
5002
6632
8132
9758
11240
12740
14224
15680
17014
18434
19702
21004
22176
23376
24448
25522
26490
27400
28272
29048
29756
30436
30950
31496
31898
32210
32558
32648
32828
32818
32796
32634
32476
32138
31792
31400
30790
30300
29570
28876
28040
27210
26228
25258
24206
23044
21930
20674
19372
18082
16708
15310
13836
12386
10878
9328
7792
6202
4628
2992
1438
-224
-1794
-3424
-5026
-6580
-8194
-9720
-11252
-12734
-14240
-15642
-17058
-18410
-19708
-20996
-22196
-23362
-24452
-25500
-26524
-27374
-28276
-29066
-29756
-30404
-30984
-31468
-31916
-32226
-32516
-32684
-32788
-32892
-32712
-32680
-32464
-32140
-31804
-31366
-30842
-30256
-29598
-28848
-28060
-27200
-26240
-25252
-24198
-23062
-21900
-20698
-19358
-18114
-16678
-15290
-13880
-12376
-10866
-9326
-7802
-6192
-4628
-3002
-1432
208
1818
3424
5004
6602
8180
9728
11252
12716
14260
15638
17056
18408
19720
20980
22192
23380
24452
25496
26504
27406
28270
29044
29776
30384
31018
31448
31910
32232
32522
32678
32806
32842
32766
32670
32430
32176
31794
31362
30854
30236
29600
28870
28050
27178
26264
25248
24196
23066
21904
20674
19388
18072
16728
15270
13872
12374
10876
9320
7814
6184
4624
3020
1404
-186
-1828
-3418
-5012
-6594
-8192
-9704
-11254
-12770
-14196
-15674
-17020
-18456
-19678
-21008
-22192
-23358
-24452
-25530
-26476
-27408
-28268
-29052
-29776
-30398
-30976
-31478
-31914
-32214
-32540
-32656
-32828
-32816
-32792
-32660
-32440
-32154
-31804
-31362
-30856
-30236
-29608
-28842
-28084
-27172
-26248
-25258
-24186
-23082
-21878
-20696
-19380
-18100
-16670
-15322
-13844
-12390
-10854
-9352
-7776
-6210
-4620
-3010
-1418
208
1814
3400
5028
6618
8154
9730
11232
12790
14182
15676
17030
18440
19690
21000
22194
23370
24442
25528
26462
27450
28234
29052
29786
30392
30990
31476
31890
32240
32522
32678
32810
32834
32770
32670
32438
32160
31814
31330
30876
30242
29598
28854
28058
27194
26244
25236
24216
23070
21892
20678
19392
18084
16694
15296
13870
12378
10850
9356
7782
6208
4598
3040
1412
-218
-1812
-3402
-5038
-6578
-8196
-9708
-11258
-12758
-14206
-15660
-17054
-18394
-19742
-20976
-22188
-23374
-24462
-25476
-26534
-27392
-28260
-29054
-29778
-30392
-30996
-31458
-31918
-32240
-32488
-32708
-32784
-32860
-32772
-32644
-32464
-32154
-31798
-31356
-30850
-30262
-29594
-28848
-28062
-27192
-26244
-25260
-24180
-23090
-21888
-20680
-19388
-18068
-16722
-15290
-13868
-12358
-10892
-9326
-7786
-6204
-4614
-3032
-1396
190
1832
3402
5020
6598
8186
9720
11242
12758
14206
15682
17024
18430
19692
21012
22194
23352
24460
25512
26486
27412
28272
29042
29780
30380
31028
31430
31930
32206
32540
32682
32796
32830
32782
32668
32428
32182
31780
31372
30840
30246
29624
28834
28060
27188
26264
25228
24218
23048
21916
20674
19388
18064
16714
15320
13832
12366
10898
9336
7758
6230
4614
3012
1420
-216
-1800
-3420
-5026
-6596
-8162
-9750
-11234
-12744
-14226
-15658
-17050
-18412
-19714
-20984
-22200
-23346
-24488
-25490
-26492
-27420
-28242
-29088
-29728
-30428
-30978
-31486
-31878
-32248
-32524
-32676
-32792
-32852
-32776
-32648
-32468
-32126
-31830
-31336
-30862
-30250
-29590
-28872
-28050
-27180
-26264
-25246
-24178
-23104
-21870
-20692
-19380
-18088
-16694
-15298
-13872
-12366
-10872
-9342
-7770
-6224
-4614
-3008
-1416
200
1810
3428
5006
6610
8176
9706
11272
12732
14242
15638
17052
18414
19724
20972
22202
23364
24460
25504
26498
27396
28280
29046
29750
30438
30962
31484
31894
32232
32526
32680
32806
32826
32802
32624
32466
32156
31802
31358
30852
30250
29580
28882
28056
27164
26272
25248
24182
23084
21900
20656
19422
18054
16718
15288
13864
12366
10890
9328
7780
6214
4606
3036
1386
-184
-1806
-3440
-5012
-6590
-8176
-9734
-11248
-12736
-14238
-15652
-17040
-18412
-19742
-20948
-22226
-23336
-24494
-25470
-26520
-27400
-28258
-29062
-29754
-30424
-30972
-31472
-31902
-32246
-32508
-32672
-32824
-32828
-32784
-32632
-32492
-32118
-31826
-31346
-30844
-30272
-29572
-28876
-28046
-27208
-26220
-25270
-24190
-23060
-21922
-20656
-19396
-18084
-16690
-15314
-13854
-12376
-10864
-9342
-7788
-6204
-4620
-3010
-1422
222
1788
3430
5024
6578
8210
9698
11248
12770
14202
15660
17062
18390
19736
20970
22208
23354
24470
25492
26510
27388
28272
29070
29746
30406
30994
31468
31898
32244
32506
32692
32802
32826
32798
32648
32432
32182
31792
31360
30852
30238
29614
28846
28062
27198
26236
25254
24192
23078
21900
20666
19400
18076
16704
15306
13840
12390
10874
9332
7782
6210
4620
3012
1414
-206
-1808
-3412
-5030
-6596
-8174
-9718
-11262
-12730
-14244
-15650
-17040
-18420
-19702
-21002
-22194
-23364
-24442
-25538
-26454
-27456
-28228
-29066
-29758
-30444
-30920
-31528
-31874
-32260
-32460
-32740
-32788
-32836
-32768
-32680
-32420
-32160
-31832
-31338
-30838
-30262
-29604
-28862
-28028
-27218
-26238
-25242
-24214
-23054
-21906
-20672
-19398
-18076
-16704
-15290
-13862
-12380
-10866
-9338
-7794
-6194
-4622
-3022
-1402
192
1824
3398
5044
6586
8170
9726
11256
12748
14228
15630
17080
18388
19740
20958
22226
23344
24452
25526
26474
27428
28260
29052
29754
30428
30956
31500
31896
32222
32526
32688
32786
32850
32782
32654
32442
32154
31822
31344
30830
30296
29554
28878
28068
27176
26244
25262
24174
23090
21910
20650
19404
18074
16714
15284
13872
12366
10886
9312
7812
6192
4608
3048
1376
-182
-1810
-3438
-5000
-6606
-8176
-9722
-11254
-12740
-14236
-15638
-17058
-18408
-19722
-20984
-22192
-23372
-24438
-25542
-26454
-27440
-28254
-29050
-29770
-30404
-30984
-31484
-31886
-32250
-32496
-32708
-32794
-32814
-32818
-32630
-32452
-32158
-31802
-31368
-30836
-30244
-29620
-28842
-28078
-27166
-26246
-25268
-24196
-23058
-21904
-20684
-19384
-18068
-16724
-15292
-13850
-12388
-10858
-9338
-7806
-6186
-4622
-3020
-1402
188
1824
3404
5038
6580
8182
9740
11222
12762
14224
15658
17046
18406
19710
21014
22168
23376
24442
25522
26496
27402
28256
29066
29760
30420
30948
31510
31890
32218
32548
32654
32836
32802
32806
32636
32464
32146
31816
31344
30838
30308
29540
28868
28078
27158
26276
25250
24180
23090
21880
20672
19424
18048
16720
15280
13876
12366
10866
9352
7786
6198
4608
3036
1408
-220
-1802
-3408
-5034
-6588
-8190
-9712
-11242
-12774
-14200
-15662
-17044
-18432
-19686
-21008
-22200
-23338
-24488
-25478
-26516
-27392
-28282
-29032
-29780
-30404
-30984
-31468
-31912
-32226
-32508
-32712
-32784
-32830
-32794
-32658
-32434
-32158
-31818
-31352
-30834
-30262
-29606
-28836
-28078
-27180
-26252
-25258
-24162
-23108
-21878
-20692
-19388
-18066
-16708
-15296
-13874
-12362
-10874
-9336
-7796
-6188
-4640
-2990
-1426
192
1828
3410
5020
6610
8160
9728
11248
12768
14200
15664
17058
18392
19722
20998
22186
23370
24454
25506
26504
27398
28262
29058
29770
30406
30978
31484
31886
32260
32478
32708
32814
32810
32806
32616
32496
32134
31796
31376
30828
30270
29578
28876
28050
27186
26252
25258
24184
23078
21898
20676
19382
18086
16712
15294
13848
12388
10862
9340
7792
6204
4618
3012
1404
-170
-1850
-3398
-5012
-6632
-8146
-9718
-11272
-12744
-14210
-15670
-17036
-18422
-19704
-21000
-22180
-23374
-24460
-25496
-26510
-27376
-28308
-29024
-29776
-30402
-30978
-31478
-31924
-32206
-32510
-32718
-32776
-32840
-32788
-32648
-32456
-32162
-31782
-31384
-30826
-30266
-29594
-28852
-28070
-27180
-26240
-25272
-24180
-23074
-21904
-20664
-19408
-18058
-16720
-15288
-13862
-12376
-10868
-9356
-7758
-6206
-4646
-2992
-1420
202
1814
3422
5012
6592
8194
9710
11246
12768
14206
15662
17030
18442
19696
20992
22202
23354
24454
25514
26504
27392
28272
29052
29762
30408
30990
31472
31890
32242
32542
32654
32794
32864
32766
32662
32438
32168
31798
31366
30836
30254
29598
28864
28054
27186
26248
25262
24184
23074
21910
20656
19400
18076
16720
15274
13860
12396
10860
9334
7798
6192
4622
3008
1428
-218
-1788
-3450
-4994
-6614
-8168
-9728
-11252
-12748
-14216
-15660
-17044
-18424
-19694
-21004
-22196
-23362
-24444
-25524
-26494
-27394
-28280
-29038
-29778
-30398
-30988
-31470
-31906
-32248
-32472
-32732
-32780
-32836
-32796
-32624
-32476
-32150
-31794
-31380
-30820
-30276
-29588
-28838
-28084
-27176
-26258
-25246
-24194
-23066
-21910
-20676
-19380
-18084
-16702
-15296
-13868
-12360
-10886
-9336
-7770
-6222
-4612
-3014
-1422
212
1806
3422
5018
6592
8184
9724
11246
12760
14202
15656
17082
18372
19752
20954
22204
23380
24438
25518
26488
27426
28240
29066
29760
30414
30958
31526
31858
32244
32518
32686
32804
32826
32788
32660
32428
32194
31770
31368
30856
30232
29620
28846
28060
27190
26244
25260
24188
23062
21922
20650
19424
18046
16716
15300
13856
12366
10886
9336
7778
6202
4622
3038
1372
-178
-1820
-3406
-5028
-6596
-8184
-9718
-11246
-12756
-14218
-15660
-17044
-18404
-19742
-20960
-22202
-23364
-24462
-25516
-26472
-27426
-28268
-29018
-29810
-30390
-30976
-31484
-31882
-32270
-32494
-32674
-32830
-32806
-32798
-32646
-32470
-32136
-31812
-31352
-30846
-30266
-29584
-28868
-28048
-27198
-26238
-25270
-24170
-23088
-21906
-20654
-19404
-18074
-16708
-15292
-13880
-12342
-10892
-9342
-7764
-6220
-4616
-3014
-1424
234
1780
3434
5008
6610
8178
9702
11276
12728
14226
15666
17048
18394
19736
20966
22214
23360
24444
25526
26482
27420
28260
29044
29772
30416
30962
31500
31882
32256
32490
32690
32822
32822
32774
32658
32454
32160
31794
31366
30832
30274
29582
28866
28050
27206
26220
25280
24182
23076
21884
20690
19400
18068
16684
15330
13836
12390
10874
9320
7802
6192
4630
3002
1436
-226
-1802
-3422
-5008
-6620
-8154
-9750
-11210
-12786
-14204
-15654
-17064
-18394
-19728
-20984
-22192
-23358
-24468
-25512
-26470
-27432
-28256
-29050
-29766
-30416
-30964
-31498
-31886
-32240
-32496
-32712
-32806
-32818
-32770
-32688
-32416
-32186
-31780
-31364
-30852
-30246
-29602
-28852
-28066
-27182
-26252
-25254
-24186
-23090
-21868
-20700
-19380
-18084
-16702
-15290
-13872
-12358
-10898
-9308
-7810
-6186
-4626
-3022
-1406
208
1792
3450
4996
6602
8184
9712
11264
12740
14220
15668
17034
18412
19736
20962
22212
23350
24464
25506
26500
27406
28262
29050
29774
30402
30982
31476
31890
32256
32506
32672
32824
32826
32774
32672
32426
32174
31792
31374
30826
30264
29600
28856
28046
27202
26252
25232
24214
23060
21900
20676
19392
18070
16730
15264
13892
12342
10886
9352
7762
6218
4626
2992
1434
-212
-1808
-3426
-4992
-6636
-8158
-9718
-11258
-12742
-14242
-15628
-17072
-18390
-19738
-20976
-22196
-23350
-24478
-25506
-26482
-27402
-28288
-29030
-29786
-30396
-30980
-31492
-31874
-32246
-32528
-32660
-32840
-32796
-32808
-32624
-32480
-32154
-31780
-31394
-30808
-30276
-29592
-28866
-28048
-27180
-26260
-25270
-24154
-23118
-21854
-20704
-19392
-18062
-16708
-15304
-13858
-12366
-10894
-9316
-7790
-6204
-4626
-3006
-1418
200
1818
3418
5012
6608
8174
9726
11242
12750
14226
15646
17064
18390
19746
20964
22196
23356
24488
25486
26490
27408
28280
29038
29770
30410
30972
31492
31890
32228
32530
32670
32814
32838
32778
32650
32442
32176
31786
31370
30832
30274
29574
28872
28054
27194
26232
25278
24184
23062
21898
20680
19404
18060
16706
15316
13842
12374
10884
9322
7798
6200
4610
3028
1416
-216
-1802
-3426
-5022
-6590
-8174
-9726
-11252
-12760
-14206
-15654
-17064
-18404
-19714
-20986
-22210
-23334
-24488
-25492
-26498
-27404
-28276
-29038
-29766
-30422
-30976
-31470
-31902
-32230
-32528
-32684
-32788
-32852
-32780
-32632
-32476
-32144
-31806
-31352
-30866
-30232
-29594
-28880
-28040
-27190
-26256
-25244
-24212
-23046
-21910
-20676
-19384
-18090
-16706
-15288
-13854
-12384
-10874
-9326
-7810
-6172
-4626
-3034
-1400
206
1808
3414
5024
6584
8210
9692
11258
12754
14214
15658
17052
18414
19704
21000
22178
23388
24436
25528
26470
27424
28260
29054
29760
30414
30982
31474
31890
32256
32498
32682
32830
32806
32788
32678
32418
32170
31792
31390
30832
30234
29604
28884
28018
27226
26228
25256
24198
23068
21892
20680
19392
18084
16704
15282
13872
12388
10836
9366
7776
6212
4612
3014
1424
-226
-1782
-3438
-5020
-6582
-8192
-9736
-11214
-12780
-14204
-15662
-17046
-18426
-19702
-20978
-22222
-23336
-24468
-25520
-26474
-27412
-28274
-29036
-29788
-30384
-31004
-31464
-31900
-32230
-32524
-32700
-32780
-32828
-32800
-32660
-32424
-32196
-31764
-31378
-30842
-30246
-29598
-28876
-28054
-27164
-26270
-25246
-24198
-23058
-21914
-20682
-19376
-18072
-16710
-15322
-13822
-12402
-10848
-9358
-7782
-6192
-4636
-3002
-1416
184
1846
3396
5022
6600
8166
9742
11240
12744
14232
15646
17044
18420
19720
20980
22192
23372
24460
25496
26502
27406
28270
29036
29786
30404
30970
31488
31890
32248
32498
32696
32812
32812
32804
32638
32460
32162
31784
31372
30834
30282
29562
28878
28050
27194
26250
25248
24204
23050
21912
20678
19392
18058
16732
15280
13858
12392
10856
9348
7770
6226
4604
3016
1424
-214
-1812
-3412
-5024
-6600
-8178
-9714
-11250
-12762
-14208
-15668
-17046
-18398
-19738
-20976
-22196
-23358
-24458
-25530
-26464
-27430
-28244
-29070
-29764
-30410
-30960
-31508
-31874
-32248
-32516
-32688
-32792
-32840
-32788
-32644
-32460
-32136
-31832
-31334
-30866
-30236
-29612
-28854
-28052
-27188
-26252
-25256
-24190
-23084
-21870
-20700
-19384
-18072
-16724
-15268
-13894
-12342
-10892
-9336
-7782
-6206
-4618
-3012
-1416
202
1816
3414
5026
6578
8214
9684
11278
12738
14222
15654
17052
18412
19718
20984
22198
23358
24458
25508
26498
27400
28276
29042
29766
30414
30982
31468
31902
32248
32486
32718
32782
32840
32776
32672
32430
32170
31788
31380
30830
30256
29596
28862
28050
27196
26260
25228
24210
23078
21882
20680
19402
18070
16698
15306
13858
12376
10872
9332
7792
6206
4598
3050
1400
-222
-1792
-3422
-5028
-6590
-8172
-9726
-11258
-12748
-14212
-15662
-17052
-18400
-19728
-20976
-22194
-23378
-24438
-25526
-26480
-27416
-28262
-29054
-29758
-30414
-30992
-31458
-31906
-32236
-32516
-32680
-32824
-32816
-32788
-32644
-32452
-32174
-31792
-31348
-30858
-30262
-29582
-28850
-28084
-27168
-26256
-25264
-24166
-23092
-21884
-20690
-19386
-18074
-16706
-15300
-13854
-12372
-10890
-9320
-7784
-6210
-4628
-2994
-1436
218
1806
3432
4994
6606
8186
9718
11248
12754
14216
15654
17052
18418
19714
20976
22194
23382
24434
25530
26472
27430
28250
29058
29750
30426
30992
31456
31894
32252
32516
32674
32798
32858
32762
32662
32444
32170
31792
31352
30868
30238
29590
28874
28054
27188
26246
25252
24194
23074
21892
20682
19396
18068
16700
15310
13864
12354
10890
9324
7808
6176
4644
2998
1436
-228
-1816
-3394
-5018
-6632
-8146
-9726
-11266
-12738
-14222
-15662
-17032
-18428
-19724
-20966
-22198
-23372
-24458
-25502
-26500
-27410
-28242
-29080
-29756
-30414
-30958
-31502
-31890
-32232
-32528
-32676
-32800
-32844
-32772
-32664
-32432
-32172
-31794
-31376
-30832
-30240
-29632
-28822
-28078
-27188
-26236
-25272
-24174
-23086
-21894
-20672
-19396
-18068
-16726
-15274
-13872
-12364
-10898
-9304
-7812
-6170
-4660
-3000
-1406
194
1822
3412
5012
6608
8166
9734
11256
12734
14224
15658
17052
18408
19716
20986
22202
23350
24466
25512
26488
27404
28274
29042
29764
30436
30938
31522
31866
32254
32494
32700
32802
32842
32778
32636
32470
32144
31824
31330
30858
30276
29560
28890
28028
27208
26246
25244
24206
23058
21914
20668
19390
18076
16708
15300
13852
12384
10866
9338
7782
6212
4612
3028
1392
-186
-1816
-3414
-5026
-6598
-8176
-9716
-11256
-12754
-14210
-15664
-17040
-18426
-19716
-20968
-22204
-23378
-24444
-25500
-26508
-27394
-28302
-29004
-29806
-30380
-30986
-31488
-31880
-32262
-32492
-32692
-32816
-32828
-32756
-32692
-32422
-32170
-31800
-31362
-30852
-30238
-29602
-28876
-28028
-27202
-26252
-25252
-24184
-23082
-21896
-20672
-19402
-18068
-16704
-15306
-13842
-12394
-10860
-9346
-7772
-6216
-4622
-3006
-1416
204
1824
3390
5034
6608
8172
9704
11278
12730
14222
15674
17034
18398
19746
20978
22184
23370
24462
25500
26504
27398
28258
29080
29746
30410
30972
31504
31878
32244
32504
32700
32796
32842
32764
32678
32424
32174
31796
31372
30818
30284
29572
28876
28052
27178
26258
25268
24170
23066
21930
20644
19402
18078
16710
15290
13856
12382
10866
9354
7758
6232
4580
3066
1364
-160
-1838
-3422
-4994
-6622
-8158
-9744
-11236
-12750
-14228
-15642
-17054
-18432
-19694
-20982
-22218
-23338
-24480
-25492
-26494
-27428
-28242
-29066
-29754
-30414
-30988
-31466
-31898
-32252
-32488
-32712
-32784
-32856
-32752
-32684
-32432
-32162
-31806
-31344
-30862
-30246
-29602
-28856
-28050
-27204
-26232
-25276
-24172
-23082
-21880
-20712
-19364
-18078
-16728
-15268
-13888
-12344
-10898
-9324
-7802
-6170
-4644
-3038
-1362
172
1814
3424
5024
6582
8186
9734
11234
12762
14204
15664
17068
18378
19738
20984
22192
23368
24440
25526
26496
27398
28270
29046
29770
30416
30962
31486
31906
32222
32546
32644
32830
32826
32786
32646
32446
32184
31770
31382
30822
30284
29576
28858
28070
27180
26240
25276
24170
23074
21924
20650
19392
18084
16706
15292
13870
12366
10868
9340
7784
6232
4572
3052
1402
-204
-1818
-3418
-5000
-6618
-8178
-9698
-11284
-12728
-14220
-15664
-17056
-18388
-19744
-20960
-22216
-23346
-24470
-25508
-26498
-27390
-28276
-29046
-29766
-30426
-30956
-31482
-31914
-32228
-32500
-32708
-32792
-32836
-32788
-32636
-32466
-32152
-31806
-31356
-30828
-30288
-29582
-28858
-28042
-27222
-26206
-25284
-24190
-23062
-21902
-20686
-19376
-18088
-16702
-15308
-13832
-12392
-10878
-9334
-7768
-6224
-4624
-2998
-1424
214
1808
3414
5008
6620
8180
9692
11270
12756
14212
15644
17062
18422
19702
20984
22208
23344
24476
25500
26498
27386
28306
29012
29786
30404
31000
31442
31928
32218
32532
32658
32838
32814
32778
32674
32430
32162
31810
31352
30842
30276
29562
28884
28050
27180
26268
25232
24206
23072
21892
20676
19400
18072
16704
15298
13860
12380
10860
9358
7748
6248
4584
3040
1402
-206
-1798
-3426
-5022
-6606
-8156
-9732
-11258
-12738
-14222
-15664
-17038
-18414
-19734
-20952
-22228
-23338
-24474
-25512
-26486
-27402
-28268
-29052
-29780
-30380
-31010
-31458
-31902
-32244
-32500
-32704
-32780
-32860
-32772
-32642
-32440
-32210
-31750
-31380
-30832
-30284
-29554
-28890
-28040
-27204
-26236
-25246
-24218
-23054
-21906
-20664
-19420
-18034
-16748
-15264
-13886
-12354
-10882
-9344
-7760
-6228
-4624
-3002
-1400
180
1820
3416
5022
6600
8174
9724
11240
12770
14204
15668
17038
18412
19732
20966
22204
23360
24470
25494
26498
27414
28264
29020
29812
30396
30964
31492
31890
32242
32518
32672
32826
32810
32794
32654
32446
32154
31810
31356
30834
30292
29538
28916
28014
27222
26216
25278
24186
23066
21908
20668
19406
18064
16700
15314
13850
12368
10902
9300
7800
6208
4624
2986
1458
-236
-1802
-3422
-5020
-6588
-8182
-9726
-11250
-12744
-14206
-15698
-17014
-18410
-19740
-20968
-22210
-23340
-24476
-25504
-26488
-27416
-28258
-29048
-29786
-30376
-31012
-31474
-31880
-32240
-32514
-32700
-32792
-32832
-32796
-32640
-32442
-32176
-31806
-31344
-30840
-30260
-29604
-28850
-28068
-27172
-26268
-25234
-24186
-23118
-21846
-20708
-19376
-18094
-16696
-15288
-13862
-12392
-10860
-9334
-7782
-6230
-4586
-3026
-1424
206
1818
3414
5024
6596
8178
9718
11254
12748
14228
15644
17050
18414
19726
20976
22192
23376
24440
25530
26470
27432
28240
29068
29772
30392
30988
31480
31894
32228
32532
32674
32804
32844
32780
32640
32458
32152
31818
31350
30836
30256
29590
28912
27986
27216
26260
25240
24194
23076
21908
20650
19412
18076
16692
15312
13856
12364
10892
9324
7794
6194
4618
3034
1396
-198
-1810
-3420
-5024
-6578
-8206
-9708
-11240
-12766
-14208
-15666
-17034
-18444
-19682
-21004
-22192
-23358
-24464
-25502
-26504
-27394
-28290
-29020
-29782
-30402
-31004
-31432
-31938
-32214
-32532
-32660
-32836
-32820
-32768
-32668
-32442
-32170
-31804
-31350
-30830
-30280
-29588
-28858
-28048
-27200
-26248
-25250
-24194
-23070
-21906
-20672
-19384
-18090
-16692
-15316
-13842
-12378
-10866
-9360
-7762
-6220
-4596
-3046
-1378
164
1832
3422
5020
6592
8182
9702
11282
12728
14232
15636
17082
18382
19730
20980
22200
23364
24462
25494
26502
27412
28256
29056
29750
30458
30928
31498
31894
32248
32500
32688
32810
32828
32792
32658
32424
32172
31806
31356
30842
30260
29594
28864
28046
27186
26266
25240
24194
23076
21904
20644
19444
18030
16724
15308
13832
12408
10844
9354
7770
6224
4596
3036
1400
-200
-1802
-3436
-5006
-6602
-8178
-9704
-11294
-12702
-14256
-15630
-17058
-18418
-19708
-21002
-22180
-23358
-24480
-25490
-26500
-27400
-28280
-29028
-29800
-30378
-31000
-31458
-31918
-32226
-32520
-32676
-32816
-32824
-32800
-32624
-32472
-32156
-31786
-31374
-30852
-30248
-29580
-28872
-28062
-27182
-26244
-25272
-24176
-23068
-21914
-20664
-19408
-18060
-16710
-15304
-13862
-12362
-10874
-9350
-7776
-6190
-4654
-2992
-1416
194
1834
3390
5052
6556
8218
9694
11268
12734
14228
15662
17040
18412
19722
20984
22202
23342
24490
25476
26510
27414
28250
29064
29762
30396
31002
31480
31866
32264
32510
32678
32822
32810
32798
32638
32468
32150
31800
31352
30870
30232
29608
28842
28086
27170
26252
25240
24214
23056
21908
20672
19402
18058
16726
15288
13844
12404
10852
9354
7774
6192
4642
3012
1408
-202
-1816
-3408
-5028
-6608
-8152
-9742
-11246
-12738
-14236
-15656
-17028
-18430
-19718
-20970
-22218
-23342
-24466
-25514
-26476
-27428
-28258
-29048
-29758
-30440
-30942
-31506
-31868
-32276
-32488
-32680
-32832
-32812
-32764
-32712
-32392
-32180
-31810
-31348
-30852
-30250
-29596
-28864
-28044
-27196
-26252
-25262
-24176
-23064
-21934
-20642
-19418
-18056
-16714
-15298
-13850
-12398
-10862
-9324
-7804
-6186
-4646
-2988
-1436
226
1794
3420
5024
6610
8150
9746
11236
12756
14228
15646
17040
18420
19730
20968
22202
23370
24446
25508
26502
27406
28262
29044
29778
30416
30950
31508
31874
32256
32504
32690
32790
32866
32748
32678
32432
32166
31804
31364
30826
30272
29588
28866
28054
27180
26262
25246
24194
23058
21924
20662
19392
18088
16678
15322
13852
12374
10878
9324
7800
6184
4646
3006
1390
-178
-1810
-3430
-5020
-6584
-8194
-9712
-11252
-12748
-14234
-15634
-17064
-18404
-19718
-20994
-22182
-23382
-24428
-25540
-26466
-27434
-28244
-29056
-29780
-30392
-30990
-31468
-31914
-32216
-32532
-32670
-32812
-32836
-32780
-32664
-32420
-32190
-31790
-31356
-30852
-30244
-29620
-28826
-28078
-27182
-26238
-25282
-24172
-23072
-21902
-20680
-19386
-18084
-16696
-15306
-13856
-12366
-10884
-9336
-7772
-6222
-4602
-3038
-1386
182
1820
3422
5016
6594
8186
9714
11248
12760
14212
15660
17046
18412
19740
20934
22242
23344
24462
25510
26490
27404
28294
28996
29814
30390
30982
31474
31914
32216
32536
32664
32814
32842
32762
32680
32422
32168
31818
31324
30886
30220
29618
28852
28064
27160
26288
25218
24218
23062
21898
20672
19410
18056
16716
15288
13868
12372
10880
9314
7812
6190
4634
2996
1422
-206
-1808
-3418
-5018
-6604
-8174
-9724
-11232
-12778
-14208
-15654
-17054
-18404
-19718
-20988
-22198
-23348
-24478
-25496
-26496
-27398
-28298
-29016
-29782
-30398
-30992
-31476
-31894
-32250
-32496
-32680
-32844
-32800
-32776
-32676
-32434
-32174
-31788
-31370
-30830
-30260
-29608
-28846
-28060
-27180
-26264
-25246
-24194
-23074
-21890
-20680
-19396
-18078
-16692
-15312
-13850
-12380
-10868
-9348
-7758
-6236
-4604
-3016
-1422
206
1832
3394
5026
6600
8180
9720
11248
12760
14202
15670
17048
18402
19730
20978
22198
23350
24490
25478
26506
27402
28270
29054
29750
30422
30978
31470
31916
32224
32510
32698
32798
32822
32816
32618
32464
32148
31832
31332
30844
30268
29598
28844
28074
27178
26256
25238
24212
23064
21886
20702
19360
18108
16686
15306
13846
12396
10848
9350
7804
6162
4650
3006
1426
-228
-1800
-3410
-5028
-6592
-8190
-9700
-11282
-12720
-14230
-15662
-17052
-18384
-19756
-20966
-22194
-23356
-24468
-25518
-26476
-27416
-28270
-29040
-29772
-30404
-30992
-31464
-31904
-32246
-32492
-32708
-32796
-32828
-32788
-32656
-32432
-32176
-31802
-31336
-30884
-30222
-29592
-28880
-28070
-27146
-26274
-25252
-24176
-23094
-21896
-20664
-19390
-18082
-16708
-15312
-13818
-12418
-10854
-9338
-7780
-6196
-4656
-2988
-1410
182
1844
3386
5026
6618
8164
9716
11260
12754
14206
15654
17076
18384
19728
20990
22184
23360
24480
25492
26494
27414
28258
29060
29752
30418
30978
31484
31884
32250
32506
32692
32806
32804
32828
32638
32428
32176
31816
31320
30882
30248
29572
28880
28046
27206
26228
25266
24194
23060
21908
20670
19388
18094
16678
15326
13846
12368
10884
9332
7784
6212
4608
3024
1416
-222
-1778
-3448
-5008
-6604
-8168
-9726
-11250
-12744
-14238
-15630
-17070
-18398
-19720
-21002
-22174
-23364
-24470
-25512
-26472
-27442
-28222
-29084
-29754
-30420
-30960
-31488
-31892
-32254
-32490
-32712
-32780
-32848
-32772
-32664
-32444
-32160
-31808
-31346
-30858
-30250
-29588
-28878
-28034
-27210
-26230
-25266
-24190
-23068
-21890
-20684
-19394
-18088
-16686
-15304
-13858
-12376
-10880
-9322
-7800
-6186
-4640
-2998
-1416
184
1832
3414
5020
6582
8208
9696
11248
12768
14216
15650
17056
18390
19746
20978
22192
23342
24488
25498
26500
27390
28282
29046
29764
30416
30968
31488
31896
32232
32522
32686
32786
32858
32776
32648
32456
32150
31802
31366
30840
30260
29584
28892
28014
27222
26222
25266
24188
23090
21892
20656
19398
18090
16704
15288
13856
12388
10870
9320
7818
6162
4654
3008
1402
-196
-1820
-3400
-5036
-6594
-8180
-9714
-11254
-12750
-14232
-15644
-17048
-18416
-19712
-20982
-22226
-23328
-24466
-25526
-26476
-27404
-28292
-29020
-29784
-30400
-30988
-31464
-31914
-32216
-32548
-32646
-32836
-32812
-32800
-32656
-32424
-32170
-31806
-31356
-30860
-30234
-29604
-28866
-28046
-27188
-26260
-25244
-24204
-23060
-21900
-20680
-19390
-18070
-16716
-15286
-13880
-12342
-10902
-9308
-7808
-6202
-4606
-3030
-1398
192
1814
3426
4998
6628
8160
9722
11250
12748
14222
15666
17028
18430
19708
20994
22180
23380
24442
25528
26460
27446
28254
29038
29778
30402
30982
31480
31888
32284
32454
32692
32846
32796
32794
32658
32432
32170
31824
31314
30882
30238
29606
28840
28074
27186
26240
25260
24200
23066
21896
20658
19428
18050
16718
15302
13836
12404
10848
9358
7762
6224
4618
3002
1420
-210
-1792
-3434
-5018
-6600
-8166
-9730
-11260
-12728
-14232
-15670
-17016
-18442
-19684
-21010
-22198
-23348
-24470
-25496
-26498
-27418
-28250
-29060
-29774
-30376
-31032
-31452
-31880
-32256
-32512
-32684
-32820
-32804
-32812
-32624
-32468
-32162
-31794
-31352
-30864
-30232
-29612
-28862
-28038
-27202
-26252
-25248
-24188
-23084
-21894
-20654
-19436
-18034
-16726
-15294
-13864
-12366
-10890
-9328
-7772
-6208
-4636
-3006
-1406
182
1832
3416
5018
6594
8188
9704
11258
12758
14218
15646
17062
18398
19736
20952
22232
23336
24472
25510
26490
27400
28272
29044
29788
30384
30988
31484
31890
32248
32496
32704
32794
32820
32822
32624
32454
32160
31800
31370
30828
30262
29600
28852
28062
27198
26220
25274
24208
23044
21904
20692
19368
18100
16696
15296
13854
12380
10878
9340
7772
6214
4608
3022
1418
-210
-1812
-3408
-5022
-6608
-8174
-9716
-11262
-12732
-14236
-15648
-17050
-18418
-19712
-20986
-22196
-23354
-24468
-25522
-26454
-27454
-28232
-29062
-29770
-30404
-30972
-31500
-31882
-32234
-32516
-32692
-32816
-32796
-32812
-32648
-32448
-32150
-31818
-31344
-30856
-30252
-29592
-28854
-28066
-27202
-26220
-25272
-24176
-23100
-21872
-20676
-19422
-18042
-16724
-15292
-13854
-12384
-10864
-9346
-7780
-6198
-4638
-2996
-1422
204
1820
3410
5012
6604
8190
9706
11260
12740
14232
15650
17046
18422
19706
20974
22226
23340
24470
25500
26508
27386
28282
29038
29776
30398
31006
31450
31906
32250
32490
32706
32798
32834
32772
32662
32460
32146
31804
31360
30846
30260
29588
28868
28046
27194
26244
25258
24194
23068
21906
20668
19396
18064
16730
15272
13876
12368
10860
9366
7766
6198
4638
3002
1424
-216
-1806
-3422
-5008
-6612
-8174
-9718
-11246
-12760
-14218
-15654
-17052
-18406
-19718
-20984
-22208
-23346
-24474
-25506
-26478
-27414
-28284
-29030
-29774
-30404
-30994
-31458
-31922
-32214
-32506
-32718
-32808
-32784
-32832
-32636
-32452
-32150
-31804
-31370
-30836
-30248
-29616
-28838
-28068
-27196
-26236
-25252
-24200
-23066
-21910
-20668
-19388
-18084
-16704
-15302
-13842
-12380
-10892
-9316
-7792
-6194
-4632
-3020
-1404
212
1794
3420
5030
6596
8172
9720
11260
12738
14238
15632
17074
18392
19722
20998
22188
23352
24468
25512
26492
27392
28280
29056
29742
30432
30980
31448
31942
32212
32510
32702
32794
32830
32794
32642
32456
32154
31804
31360
30840
30260
29586
28868
28058
27188
26252
25232
24214
23070
21906
20654
19402
18086
16694
15306
13842
12404
10842
9368
7756
6224
4594
3054
1384
-206
-1788
-3444
-5010
-6588
-8182
-9734
-11234
-12760
-14222
-15650
-17040
-18434
-19696
-21004
-22172
-23382
-24452
-25516
-26486
-27406
-28276
-29034
-29778
-30406
-30988
-31458
-31922
-32216
-32524
-32680
-32824
-32812
-32796
-32640
-32462
-32144
-31818
-31352
-30838
-30266
-29586
-28864
-28052
-27194
-26238
-25266
-24182
-23080
-21894
-20672
-19406
-18060
-16720
-15284
-13880
-12340
-10904
-9320
-7792
-6198
-4632
-3008
-1406
184
1834
3406
5012
6618
8164
9728
11240
12760
14218
15654
17060
18386
19742
20976
22198
23348
24494
25478
26496
27410
28268
29062
29750
30420
30960
31510
31882
32230
32518
32684
32826
32798
32812
32634
32464
32146
31804
31356
30850
30268
29576
28866
28046
27210
26244
25244
24186
23092
21890
20668
19408
18068
16690
15322
13848
12384
10860
9322
7834
6166
4624
3024
1406
-202
-1814
-3414
-5014
-6610
-8172
-9722
-11258
-12732
-14242
-15634
-17068
-18404
-19710
-20992
-22208
-23340
-24470
-25524
-26454
-27438
-28256
-29054
-29770
-30382
-31022
-31448
-31912
-32234
-32500
-32708
-32780
-32864
-32756
-32672
-32420
-32196
-31782
-31360
-30844
-30258
-29592
-28866
-28050
-27186
-26270
-25222
-24208
-23080
-21886
-20682
-19384
-18098
-16678
-15308
-13870
-12364
-10870
-9348
-7758
-6252
-4578
-3026
-1432
224
1808
3426
4992
6628
8160
9728
11250
12746
14224
15662
17040
18400
19736
20976
22210
23348
24466
25494
26508
27404
28272
29024
29812
30366
31008
31458
31908
32238
32514
32688
32768
32920
32694
32698
32442
32148
31818
31338
30868
30242
29596
28870
28036
27204
26256
25244
24190
23078
21882
20698
19390
18070
16698
15306
13860
12376
10864
9338
7792
6198
4638
2994
1406
-186
-1800
-3452
-5002
-6586
-8206
-9692
-11270
-12732
-14236
-15642
-17072
-18394
-19710
-20994
-22206
-23352
-24456
-25514
-26480
-27436
-28238
-29076
-29738
-30428
-30982
-31462
-31900
-32252
-32500
-32692
-32804
-32832
-32780
-32660
-32438
-32168
-31820
-31324
-30860
-30264
-29580
-28864
-28062
-27194
-26226
-25274
-24184
-23076
-21886
-20700
-19356
-18114
-16678
-15320
-13832
-12394
-10868
-9336
-7778
-6222
-4602
-3014
-1424
200
1828
3400
5040
6576
8190
9716
11252
12746
14238
15624
17082
18382
19740
20976
22188
23380
24448
25502
26506
27396
28272
29056
29746
30440
30968
31466
31904
32250
32494
32696
32810
32816
32794
32656
32446
32154
31808
31356
30848
30258
29586
28860
28066
27190
26232
25272
24182
23070
21902
20682
19386
18090
16670
15334
13840
12376
10892
9306
7804
6210
4606
3020
1416
-210
-1796
-3444
-4998
-6604
-8188
-9712
-11242
-12758
-14234
-15626
-17084
-18372
-19746
-20970
-22210
-23348
-24470
-25490
-26518
-27390
-28270
-29052
-29770
-30386
-31022
-31442
-31902
-32256
-32500
-32684
-32804
-32834
-32802
-32626
-32466
-32148
-31808
-31356
-30848
-30258
-29584
-28870
-28052
-27192
-26254
-25248
-24180
-23084
-21898
-20678
-19396
-18058
-16726
-15272
-13890
-12352
-10882
-9338
-7784
-6206
-4606
-3026
-1424
226
1806
3414
5012
6604
8180
9722
11262
12722
14246
15628
17092
18370
19738
20984
22194
23360
24464
25496
26510
27394
28274
29060
29732
30458
30940
31490
31904
32230
32516
32688
32804
32830
32764
32700
32416
32148
31822
31364
30826
30266
29600
28844
28066
27190
26252
25236
24208
23072
21892
20664
19422
18050
16716
15292
13868
12372
10876
9332
7776
6222
4604
3038
1390
-198
-1808
-3418
-5010
-6624
-8152
-9726
-11270
-12716
-14246
-15650
-17048
-18410
-19718
-20978
-22214
-23342
-24474
-25512
-26466
-27438
-28240
-29074
-29768
-30380
-31000
-31492
-31862
-32266
-32496
-32696
-32812
-32816
-32784
-32672
-32420
-32172
-31810
-31344
-30860
-30242
-29606
-28846
-28080
-27168
-26246
-25266
-24188
-23074
-21904
-20668
-19386
-18088
-16686
-15336
-13820
-12400
-10854
-9342
-7788
-6214
-4602
-3022
-1418
210
1812
3406
5032
6600
8174
9714
11270
12724
14242
15646
17058
18392
19740
20974
22196
23358
24458
25510
26496
27412
28258
29060
29762
30394
31002
31466
31904
32236
32496
32704
32804
32832
32778
32654
32446
32166
31798
31364
30828
30284
29572
28876
28042
27190
26260
25238
24210
23054
21914
20662
19406
18062
16714
15296
13856
12382
10864
9344
7782
6202
4618
3026
1398
-190
-1820
-3416
-5022
-6598
-8172
-9716
-11270
-12732
-14236
-15642
-17058
-18404
-19726
-20970
-22210
-23358
-24460
-25510
-26484
-27418
-28264
-29052
-29752
-30428
-30972
-31484
-31892
-32226
-32528
-32692
-32788
-32848
-32772
-32660
-32444
-32164
-31798
-31364
-30834
-30274
-29572
-28866
-28072
-27174
-26250
-25262
-24184
-23080
-21894
-20666
-19406
-18072
-16698
-15314
-13840
-12394
-10858
-9344
-7782
-6212
-4604
-3038
-1398
206
1802
3428
5000
6618
8176
9720
11236
12764
14218
15662
17034
18418
19722
20978
22206
23354
24466
25496
26508
27396
28270
29038
29808
30366
30982
31506
31868
32258
32510
32674
32822
32818
32786
32658
32446
32152
31822
31340
30834
30296
29570
28846
28084
27170
26264
25250
24172
23096
21886
20686
19382
18078
16706
15298
13872
12356
10886
9324
7794
6198
4624
3026
1404
-210
-1816
-3398
-5034
-6592
-8182
-9720
-11250
-12750
-14224
-15644
-17066
-18410
-19696
-21010
-22178
-23368
-24466
-25504
-26498
-27394
-28288
-29012
-29814
-30380
-30986
-31470
-31912
-32232
-32496
-32720
-32780
-32840
-32772
-32668
-32440
-32158
-31806
-31364
-30834
-30266
-29578
-28872
-28070
-27158
-26276
-25232
-24200
-23084
-21884
-20686
-19390
-18064
-16720
-15280
-13884
-12356
-10882
-9334
-7772
-6230
-4598
-3028
-1410
200
1820
3424
5000
6608
8182
9728
11222
12784
14184
15698
17012
18436
19694
21022
22152
23392
24450
25510
26486
27430
28244
29058
29750
30448
30952
31486
31884
32252
32514
32680
32810
32814
32830
32604
32458
32196
31754
31386
30830
30274
29588
28846
28076
27168
26276
25228
24210
23056
21912
20662
19416
18056
16704
15310
13850
12384
10860
9352
7764
6218
4632
2998
1422
-216
-1798
-3420
-5024
-6594
-8178
-9716
-11270
-12730
-14224
-15672
-17026
-18434
-19682
-21036
-22164
-23364
-24452
-25524
-26494
-27394
-28278
-29024
-29810
-30378
-30988
-31464
-31930
-32218
-32496
-32720
-32776
-32848
-32780
-32660
-32434
-32160
-31826
-31332
-30854
-30250
-29610
-28840
-28080
-27162
-26264
-25252
-24194
-23056
-21922
-20654
-19414
-18062
-16696
-15324
-13842
-12372
-10884
-9318
-7810
-6186
-4628
-3022
-1384
160
1840
3418
5010
6592
8196
9718
11226
12784
14198
15656
17068
18390
19732
20978
22196
23368
24442
25536
26460
27438
28246
29062
29742
30450
30954
31482
31888
32264
32492
32702
32782
32856
32770
32666
32426
32178
31792
31376
30810
30292
29580
28846
28092
27146
26268
25262
24180
23088
21868
20698
19390
18078
16694
15310
13844
12384
10870
9360
7742
6236
4600
3036
1402
-214
-1792
-3444
-4990
-6610
-8172
-9736
-11242
-12752
-14212
-15662
-17056
-18398
-19728
-20970
-22212
-23358
-24460
-25504
-26494
-27414
-28252
-29064
-29754
-30416
-30986
-31474
-31884
-32268
-32480
-32712
-32788
-32856
-32756
-32668
-32428
-32192
-31776
-31370
-30846
-30252
-29586
-28888
-28028
-27188
-26286
-25218
-24200
-23070
-21916
-20652
-19414
-18050
-16730
-15294
-13846
-12378
-10876
-9346
-7774
-6206
-4612
-3040
-1390
198
1800
3444
4992
6610
8182
9706
11260
12762
14200
15664
17056
18396
19730
20976
22202
23360
24468
25488
26514
27402
28258
29050
29784
30394
30984
31480
31892
32246
32498
32710
32774
32862
32766
32658
32458
32136
31826
31350
30824
30280
29596
28846
28076
27156
26284
25224
24212
23060
21910
20666
19398
18076
16692
15318
13834
12400
10864
9330
7780
6228
4594
3030
1416
-226
-1778
-3452
-4990
-6610
-8196
-9696
-11246
-12780
-14194
-15664
-17046
-18420
-19704
-21020
-22154
-23374
-24474
-25498
-26496
-27410
-28248
-29070
-29768
-30400
-30980
-31480
-31882
-32258
-32500
-32704
-32788
-32832
-32792
-32648
-32456
-32152
-31808
-31346
-30866
-30244
-29590
-28860
-28080
-27148
-26292
-25216
-24214
-23060
-21916
-20648
-19418
-18066
-16712
-15284
-13870
-12368
-10884
-9320
-7802
-6184
-4644
-3004
-1410
202
1810
3416
5028
6598
8160
9738
11250
12750
14212
15658
17060
18392
19734
20978
22196
23370
24450
25498
26516
27388
28276
29046
29782
30382
31000
31478
31870
32282
32480
32696
32806
32836
32772
32666
32434
32168
31800
31356
30848
30254
29600
28852
28046
27226
26216
25258
24202
23060
21914
20668
19380
18100
16694
15290
13868
12372
10872
9340
7790
6202
4594
3046
1402
-198
-1816
-3416
-5016
-6606
-8172
-9718
-11248
-12766
-14204
-15672
-17020
-18434
-19714
-20986
-22194
-23362
-24458
-25510
-26488
-27412
-28274
-29032
-29784
-30408
-30970
-31490
-31886
-32240
-32512
-32716
-32752
-32868
-32784
-32636
-32456
-32164
-31796
-31362
-30842
-30262
-29578
-28880
-28048
-27182
-26264
-25248
-24182
-23088
-21880
-20696
-19362
-18122
-16660
-15332
-13846
-12356
-10904
-9320
-7774
-6240
-4588
-3020
-1426
218
1796
3434
5006
6604
8180
9714
11266
12734
14218
15670
17040
18412
19722
20972
22214
23354
24452
25514
26484
27430
28246
29060
29752
30434
30950
31506
31878
32232
32536
32676
32790
32862
32754
32680
32438
32150
31808
31362
30838
30270
29572
28874
28060
27184
26246
25252
24196
23078
21888
20682
19392
18070
16714
15294
13848
12402
10842
9352
7788
6190
4644
2984
1438
-214
-1812
-3416
-5014
-6610
-8176
-9714
-11254
-12756
-14216
-15654
-17050
-18412
-19720
-20980
-22196
-23370
-24446
-25522
-26480
-27412
-28276
-29036
-29776
-30390
-31026
-31424
-31920
-32244
-32504
-32688
-32812
-32824
-32784
-32656
-32440
-32156
-31828
-31342
-30834
-30278
-29564
-28890
-28046
-27176
-26276
-25228
-24204
-23072
-21902
-20664
-19400
-18066
-16724
-15280
-13876
-12358
-10894
-9322
-7774
-6228
-4610
-3006
-1430
210
1822
3410
5020
6598
8180
9708
11274
12730
14220
15676
17040
18392
19752
20954
22212
23368
24436
25536
26462
27436
28260
29038
29774
30408
30988
31462
31906
32242
32510
32680
32814
32822
32792
32638
32480
32110
31852
31320
30874
30236
29596
28866
28058
27182
26260
25240
24202
23076
21880
20694
19376
18104
16672
15316
13856
12376
10864
9358
7752
6236
4602
3030
1390
-174
-1838
-3418
-4994
-6622
-8160
-9742
-11238
-12746
-14220
-15674
-17028
-18420
-19726
-20972
-22204
-23354
-24468
-25504
-26486
-27418
-28260
-29032
-29816
-30364
-30998
-31470
-31902
-32244
-32496
-32696
-32812
-32820
-32776
-32684
-32424
-32156
-31806
-31368
-30824
-30290
-29566
-28862
-28074
-27166
-26262
-25258
-24178
-23076
-21912
-20656
-19404
-18064
-16728
-15282
-13862
-12372
-10886
-9310
-7810
-6184
-4648
-2996
-1408
186
1824
3414
5018
6610
8158
9732
11254
12746
14216
15662
17044
18412
19734
20946
22230
23370
24422
25532
26484
27418
28254
29048
29782
30406
30984
31454
31914
32240
32510
32680
32820
32806
32820
32632
32434
32184
31784
31386
30806
30276
29604
28846
28060
27184
26264
25232
24212
23056
21908
20666
19418
18046
16726
15272
13886
12356
10892
9316
7798
6204
4622
3000
1436
-214
-1830
-3384
-5048
-6584
-8186
-9702
-11270
-12752
-14204
-15676
-17036
-18408
-19730
-20966
-22222
-23346
-24456
-25522
-26470
-27428
-28258
-29042
-29796
-30372
-31002
-31470
-31902
-32240
-32496
-32696
-32804
-32856
-32744
-32680
-32438
-32164
-31794
-31364
-30834
-30286
-29548
-28908
-28020
-27208
-26244
-25262
-24164
-23096
-21902
-20642
-19432
-18066
-16686
-15318
-13862
-12348
-10892
-9346
-7754
-6246
-4584
-3034
-1412
208
1818
3400
5030
6610
8156
9726
11272
12730
14218
15668
17050
18388
19750
20962
22202
23378
24438
25516
26496
27402
28272
29042
29770
30414
30978
31482
31884
32250
32498
32710
32790
32834
32780
32662
32432
32182
31788
31360
30832
30278
29594
28836
28086
27166
26272
25224
24214
23072
21896
20660
19416
18062
16714
15282
13874
12370
10876
9342
7768
6218
4610
3036
1400
-208
-1810
-3414
-5014
-6616
-8162
-9724
-11256
-12740
-14232
-15650
-17042
-18420
-19714
-20988
-22196
-23360
-24454
-25522
-26484
-27412
-28260
-29056
-29764
-30402
-30996
-31472
-31888
-32246
-32500
-32724
-32756
-32856
-32796
-32628
-32464
-32148
-31820
-31334
-30868
-30246
-29586
-28876
-28048
-27180
-26270
-25234
-24204
-23056
-21928
-20630
-19442
-18048
-16708
-15302
-13848
-12384
-10878
-9326
-7796
-6194
-4630
-3010
-1420
218
1808
3404
5020
6618
8162
9724
11248
12756
14218
15658
17048
18396
19754
20958
22190
23370
24466
25506
26490
27396
28296
29020
29784
30392
30994
31482
31884
32236
32522
32690
32794
32836
32784
32658
32444
32162
31804
31344
30864
30250
29594
28852
28078
27150
26304
25200
24222
23064
21900
20670
19406
18062
16708
15308
13840
12386
10874
9340
7764
6222
4614
3016
1422
-218
-1808
-3422
-5000
-6628
-8142
-9760
-11230
-12740
-14244
-15642
-17054
-18400
-19734
-20962
-22230
-23340
-24446
-25536
-26480
-27422
-28232
-29086
-29748
-30414
-30976
-31478
-31910
-32228
-32504
-32700
-32800
-32832
-32796
-32628
-32470
-32156
-31794
-31352
-30862
-30258
-29576
-28872
-28058
-27182
-26252
-25254
-24186
-23102
-21846
-20726
-19360
-18094
-16698
-15298
-13860
-12366
-10886
-9344
-7750
-6232
-4622
-3004
-1408
180
1840
3398
5032
6586
8196
9704
11252
12756
14218
15666
17028
18424
19712
20992
22192
23360
24458
25516
26494
27390
28286
29044
29762
30418
30958
31506
31892
32230
32514
32670
32836
32800
32832
32598
32482
32158
31782
31374
30854
30238
29598
28868
28046
27190
26256
25248
24192
23080
21892
20666
19408
18064
16716
15294
13858
12366
10880
9340
7776
6224
4600
3016
1430
-228
-1794
-3418
-5026
-6602
-8162
-9734
-11254
-12740
-14228
-15652
-17048
-18412
-19726
-20960
-22232
-23330
-24476
-25508
-26486
-27414
-28264
-29052
-29756
-30432
-30958
-31482
-31918
-32216
-32508
-32708
-32780
-32880
-32736
-32660
-32458
-32166
-31788
-31362
-30848
-30258
-29586
-28872
-28048
-27186
-26246
-25272
-24168
-23090
-21894
-20666
-19404
-18068
-16710
-15300
-13844
-12402
-10842
-9366
-7760
-6224
-4604
-3028
-1402
190
1824
3422
4996
6624
8156
9744
11232
12764
14206
15662
17056
18404
19712
21000
22188
23358
24468
25510
26478
27422
28254
29054
29784
30382
31010
31442
31924
32216
32546
32648
32832
32826
32772
32658
32454
32160
31802
31346
30860
30262
29546
28926
28022
27190
26252
25254
24182
23088
21888
20692
19372
18082
16716
15296
13836
12400
10866
9328
7804
6178
4634
3010
1422
-196
-1826
-3424
-5006
-6590
-8204
-9708
-11234
-12776
-14206
-15664
-17042
-18406
-19730
-20978
-22198
-23356
-24476
-25478
-26520
-27404
-28262
-29032
-29796
-30392
-30990
-31470
-31898
-32248
-32492
-32716
-32772
-32860
-32760
-32684
-32414
-32186
-31782
-31374
-30846
-30234
-29628
-28832
-28062
-27202
-26236
-25260
-24198
-23048
-21922
-20674
-19384
-18072
-16718
-15290
-13862
-12372
-10872
-9342
-7786
-6194
-4624
-3024
-1394
180
1830
3410
5024
6588
8194
9708
11254
12752
14230
15628
17066
18412
19718
20990
22190
23350
24478
25500
26492
27402
28282
29036
29772
30408
30976
31488
31890
32236
32516
32680
32814
32842
32758
32664
32456
32154
31782
31396
30832
30248
29584
28878
28056
27160
26302
25202
24230
23056
21878
20710
19374
18088
16690
15310
13864
12350
10904
9306
7820
6176
4622
3036
1388
-182
-1836
-3390
-5034
-6610
-8156
-9740
-11236
-12756
-14224
-15636
-17076
-18396
-19718
-20992
-22180
-23386
-24440
-25516
-26486
-27420
-28262
-29050
-29760
-30412
-30984
-31492
-31866
-32252
-32518
-32690
-32802
-32824
-32796
-32640
-32460
-32154
-31798
-31362
-30844
-30270
-29576
-28860
-28074
-27166
-26268
-25238
-24192
-23094
-21880
-20676
-19392
-18088
-16694
-15296
-13868
-12366
-10882
-9324
-7794
-6202
-4622
-3022
-1394
196
1796
3440
5010
6590
8200
9692
11274
12746
14202
15688
17024
18424
19714
20982
22196
23374
24446
25518
26482
27416
28262
29052
29766
30404
31002
31456
31908
32238
32488
32716
32796
32828
32812
32604
32482
32148
31814
31336
30870
30240
29606
28840
28078
27174
26260
25244
24188
23084
21896
20668
19402
18068
16716
15292
13850
12392
10850
9364
7760
6214
4620
3018
1414
-210
-1812
-3410
-5028
-6586
-8192
-9710
-11256
-12752
-14224
-15638
-17058
-18426
-19688
-21006
-22208
-23344
-24454
-25516
-26498
-27390
-28288
-29042
-29760
-30416
-30976
-31484
-31880
-32266
-32492
-32688
-32808
-32848
-32764
-32652
-32456
-32162
-31790
-31384
-30812
-30276
-29602
-28836
-28072
-27176
-26272
-25232
-24196
-23084
-21892
-20672
-19410
-18044
-16730
-15294
-13848
-12384
-10884
-9310
-7810
-6184
-4628
-3022
-1414
228
1768
3458
5002
6596
8184
9726
11232
12766
14212
15666
17038
18424
19700
20994
22204
23352
24450
25534
26474
27408
28266
29064
29742
30434
30976
31466
31886
32272
32486
32692
32806
32848
32756
32670
32438
32162
31816
31342
30838
30284
29576
28852
28062
27194
26252
25240
24204
23078
21882
20680
19402
18054
16736
15282
13850
12392
10862
9344
7776
6214
4614
3026
1396
-200
-1798
-3426
-5024
-6588
-8182
-9730
-11238
-12748
-14242
-15626
-17068
-18406
-19720
-20980
-22196
-23374
-24460
-25480
-26514
-27402
-28284
-29028
-29776
-30404
-30990
-31474
-31894
-32236
-32520
-32692
-32784
-32880
-32716
-32692
-32456
-32136
-31820
-31338
-30866
-30248
-29582
-28884
-28036
-27200
-26240
-25264
-24184
-23076
-21900
-20680
-19378
-18078
-16720
-15288
-13858
-12384
-10858
-9350
-7782
-6190
-4634
-3016
-1402
182
1840
3400
5022
6596
8190
9708
11250
12766
14208
15642
17080
18400
19704
20982
22222
23344
24464
25512
26478
27420
28252
29086
29732
30410
31002
31474
31872
32252
32536
32666
32798
32840
32786
32658
32438
32160
31814
31346
30852
30262
29578
28868
28066
27174
26260
25244
24202
23068
21898
20672
19394
18094
16668
15328
13852
12368
10880
9334
7784
6204
4612
3046
1380
-192
-1814
-3412
-5030
-6598
-8160
-9738
-11246
-12746
-14240
-15618
-17092
-18376
-19738
-20988
-22172
-23394
-24428
-25532
-26482
-27416
-28256
-29054
-29766
-30404
-30996
-31476
-31868
-32270
-32494
-32704
-32788
-32838
-32794
-32638
-32454
-32166
-31794
-31348
-30864
-30246
-29600
-28858
-28050
-27192
-26240
-25272
-24176
-23088
-21892
-20664
-19422
-18034
-16736
-15292
-13858
-12372
-10872
-9326
-7814
-6188
-4622
-3000
-1432
196
1832
3418
5006
6606
8178
9720
11254
12750
14220
15648
17056
18412
19722
20986
22186
23364
24456
25516
26486
27410
28266
29052
29758
30430
30966
31474
31902
32244
32500
32704
32792
32834
32788
32646
32448
32180
31780
31364
30844
30252
29614
28836
28070
27182
26256
25240
24210
23062
21892
20678
19406
18058
16728
15276
13870
12372
10874
9328
7804
6190
4624
3014
1418
-200
-1826
-3404
-5026
-6596
-8190
-9696
-11278
-12720
-14248
-15646
-17046
-18408
-19726
-20988
-22186
-23356
-24478
-25500
-26484
-27420
-28244
-29076
-29756
-30412
-30972
-31486
-31890
-32248
-32484
-32728
-32784
-32836
-32776
-32652
-32456
-32164
-31774
-31412
-30788
-30294
-29574
-28868
-28040
-27232
-26198
-25276
-24184
-23094
-21872
-20686
-19398
-18070
-16702
-15298
-13860
-12374
-10882
-9326
-7780
-6218
-4616
-3010
-1418
196
1834
3394
5038
6594
8174
9714
11264
12750
14196
15682
17046
18404
19710
21010
22164
23384
24450
25520
26464
27446
28242
29046
29780
30414
30954
31524
31850
32252
32524
32682
32796
32840
32786
32648
32446
32166
31792
31372
30818
30312
29534
28890
28048
27188
26256
25238
24210
23056
21912
20674
19382
18082
16712
15292
13860
12382
10854
9346
7794
6196
4614
3030
1404
-204
-1812
-3412
-5028
-6588
-8186
-9718
-11254
-12756
-14208
-15646
-17070
-18400
-19726
-20976
-22208
-23330
-24504
-25474
-26508
-27394
-28290
-29040
-29760
-30414
-30974
-31482
-31902
-32236
-32504
-32692
-32808
-32824
-32792
-32648
-32452
-32140
-31834
-31344
-30838
-30264
-29588
-28862
-28068
-27158
-26284
-25244
-24166
-23104
-21890
-20676
-19380
-18088
-16704
-15292
-13866
-12376
-10854
-9360
-7778
-6198
-4626
-3010
-1416
204
1800
3434
5020
6590
8176
9724
11256
12740
14222
15656
17054
18406
19726
20966
22216
23360
24448
25512
26496
27408
28262
29048
29790
30376
31002
31464
31896
32246
32524
32664
32824
32812
32808
32628
32460
32174
31770
31374
30866
30218
29628
28834
28064
27196
26240
25264
24180
23068
21920
20656
19400
18074
16710
15296
13852
12378
10892
9310
7796
6198
4626
3030
1394
-212
-1786
-3428
-5028
-6588
-8186
-9710
-11270
-12720
-14254
-15634
-17060
-18398
-19730
-20988
-22184
-23366
-24458
-25506
-26492
-27418
-28260
-29042
-29772
-30408
-30988
-31480
-31874
-32278
-32456
-32728
-32792
-32852
-32756
-32668
-32436
-32176
-31784
-31374
-30826
-30280
-29578
-28872
-28040
-27200
-26250
-25250
-24188
-23088
-21878
-20686
-19400
-18066
-16698
-15318
-13850
-12372
-10864
-9360
-7764
-6220
-4598
-3038
-1408
212
1806
3428
4994
6622
8170
9716
11258
12752
14198
15682
17042
18404
19722
20990
22192
23360
24450
25540
26452
27430
28270
29038
29772
30404
31004
31446
31904
32260
32488
32694
32808
32842
32756
32686
32404
32218
31752
31368
30858
30260
29568
28894
28026
27202
26248
25256
24194
23056
21924
20652
19408
18068
16698
15328
13828
12382
10874
9362
7738
6244
4588
3048
1390
-186
-1828
-3410
-5018
-6606
-8164
-9742
-11234
-12748
-14232
-15638
-17062
-18420
-19704
-20976
-22224
-23342
-24458
-25520
-26468
-27456
-28232
-29046
-29784
-30392
-30996
-31470
-31898
-32244
-32492
-32724
-32760
-32864
-32772
-32648
-32448
-32176
-31786
-31360
-30850
-30252
-29604
-28842
-28076
-27170
-26256
-25262
-24176
-23090
-21882
-20678
-19410
-18050
-16724
-15292
-13856
-12374
-10872
-9352
-7760
-6216
-4636
-2998
-1406
202
1782
3456
4996
6608
8174
9722
11248
12764
14206
15660
17048
18404
19728
20988
22188
23364
24464
25504
26494
27412
28262
29036
29806
30376
30986
31484
31894
32246
32488
32718
32790
32828
32796
32638
32464
32150
31804
31360
30838
30284
29550
28894
28032
27208
26244
25258
24180
23070
21912
20674
19374
18102
16682
15318
13842
12390
10860
9348
7778
6190
4652
2994
1410
-184
-1832
-3402
-5034
-6584
-8202
-9684
-11284
-12728
-14234
-15650
-17052
-18404
-19718
-21006
-22158
-23396
-24438
-25526
-26470
-27434
-28242
-29062
-29772
-30400
-30984
-31478
-31890
-32244
-32520
-32656
-32848
-32816
-32760
-32672
-32452
-32154
-31810
-31350
-30844
-30264
-29584
-28872
-28044
-27204
-26222
-25286
-24172
-23072
-21906
-20672
-19382
-18096
-16700
-15290
-13862
-12372
-10870
-9354
-7768
-6208
-4622
-3016
-1406
206
1800
3420
5022
6598
8182
9722
11234
12782
14184
15680
17034
18424
19716
20984
22182
23364
24484
25478
26512
27408
28254
29056
29774
30396
30994
31464
31904
32232
32536
32646
32848
32806
32784
32662
32440
32178
31784
31364
30832
30288
29562
28876
28046
27204
26230
25278
24150
23122
21876
20662
19418
18054
16726
15278
13866
12380
10868
9346
7758
6246
4578
3050
1400
-210
-1800
-3432
-4994
-6636
-8132
-9762
-11222
-12768
-14210
-15674
-17020
-18430
-19722
-20974
-22188
-23386
-24448
-25496
-26508
-27404
-28258
-29062
-29758
-30416
-30972
-31492
-31882
-32242
-32520
-32668
-32844
-32788
-32804
-32656
-32450
-32156
-31782
-31384
-30844
-30244
-29612
-28830
-28068
-27212
-26212
-25288
-24174
-23066
-21918
-20652
-19410
-18072
-16702
-15304
-13830
-12428
-10828
-9360
-7766
-6224
-4612
-3020
-1398
184
1828
3410
5018
6598
8196
9692
11280
12712
14266
15610
17098
18366
19738
20990
22184
23376
24456
25490
26508
27420
28242
29064
29758
30416
30986
31454
31916
32238
32514
32678
32806
32838
32776
32658
32448
32162
31792
31358
30874
30212
29614
28870
28056
27170
26268
25248
24194
23050
21928
20666
19384
18084
16716
15282
13856
12382
10874
9340
7764
6230
4612
3000
1426
-192
-1830
-3400
-5042
-6586
-8170
-9732
-11236
-12766
-14220
-15644
-17054
-18418
-19706
-20986
-22210
-23354
-24454
-25508
-26504
-27394
-28286
-29026
-29776
-30408
-31000
-31438
-31926
-32224
-32532
-32672
-32792
-32868
-32760
-32648
-32464
-32146
-31810
-31348
-30860
-30246
-29596
-28850
-28082
-27160
-26278
-25222
-24216
-23072
-21882
-20692
-19380
-18086
-16698
-15310
-13838
-12400
-10854
-9346
-7776
-6218
-4614
-3016
-1410
194
1828
3404
5026
6596
8180
9710
11260
12752
14210
15670
17034
18418
19720
20978
22208
23344
24474
25500
26500
27406
28262
29046
29782
30398
30976
31498
31860
32274
32502
32688
32786
32862
32768
32666
32414
32202
31774
31368
30860
30210
29658
28808
28084
27170
26272
25226
24222
23052
21900
20690
19364
18104
16694
15298
13854
12388
10862
9340
7784
6218
4586
3062
1360
-158
-1826
-3428
-5012
-6596
-8176
-9726
-11254
-12736
-14242
-15630
-17078
-18390
-19724
-20982
-22200
-23354
-24468
-25508
-26500
-27386
-28294
-29014
-29804
-30386
-30990
-31466
-31910
-32232
-32516
-32676
-32832
-32800
-32796
-32664
-32440
-32148
-31816
-31358
-30834
-30268
-29590
-28858
-28070
-27162
-26278
-25230
-24210
-23048
-21928
-20656
-19390
-18090
-16694
-15312
-13838
-12396
-10862
-9328
-7802
-6198
-4598
-3060
-1376
186
1816
3418
5022
6600
8158
9748
11234
12770
14200
15652
17068
18394
19736
20976
22186
23364
24480
25496
26476
27436
28244
29062
29764
30402
30992
31468
31918
32198
32554
32666
32814
32820
32776
32686
32432
32134
31844
31332
30848
30264
29590
28846
28076
27186
26244
25246
24198
23082
21888
20660
19430
18052
16704
15302
13868
12352
10896
9328
7790
6198
4618
3020
1420
-218
-1794
-3438
-4994
-6638
-8132
-9746
-11252
-12740
-14232
-15642
-17058
-18400
-19734
-20970
-22210
-23344
-24478
-25500
-26482
-27428
-28260
-29036
-29788
-30396
-30976
-31496
-31866
-32286
-32454
-32742
-32748
-32884
-32768
-32632
-32468
-32146
-31826
-31336
-30862
-30226
-29630
-28840
-28062
-27182
-26248
-25272
-24178
-23060
-21920
-20660
-19414
-18054
-16712
-15312
-13828
-12400
-10872
-9320
-7808
-6192
-4600
-3052
-1388
200
1796
3440
5012
6598
8168
9730
11260
12736
14210
15688
17028
18408
19726
20990
22184
23360
24474
25498
26486
27430
28234
29080
29764
30390
30998
31472
31890
32250
32508
32682
32814
32828
32780
32654
32462
32144
31802
31364
30850
30244
29602
28858
28048
27198
26260
25236
24186
23098
21878
20686
19394
18060
16728
15278
13874
12358
10888
9330
7776
6238
4582
3030
1420
-214
-1800
-3438
-4994
-6622
-8164
-9718
-11272
-12726
-14220
-15692
-17000
-18452
-19690
-20996
-22204
-23354
-24440
-25552
-26446
-27442
-28252
-29052
-29762
-30412
-30984
-31484
-31872
-32268
-32498
-32682
-32808
-32836
-32776
-32672
-32416
-32194
-31772
-31380
-30832
-30272
-29576
-28868
-28060
-27186
-26246
-25258
-24188
-23068
-21912
-20662
-19404
-18062
-16724
-15280
-13870
-12376
-10856
-9356
-7774
-6208
-4620
-3014
-1416
198
1832
3390
5038
6594
8178
9726
11236
12758
14228
15654
17030
18432
19716
20964
22218
23356
24460
25504
26496
27404
28274
29044
29762
30416
30982
31472
31904
32242
32490
32704
32810
32822
32774
32676
32438
32156
31804
31362
30838
30258
29600
28860
28054
27188
26256
25234
24200
23088
21888
20666
19406
18064
16726
15268
13882
12372
10858
9352
7778
6208
4616
3022
1414
-216
-1806
-3410
-5034
-6590
-8168
-9734
-11244
-12752
-14218
-15658
-17054
-18400
-19722
-20980
-22216
-23334
-24480
-25494
-26496
-27424
-28240
-29062
-29774
-30412
-30948
-31516
-31868
-32272
-32468
-32716
-32812
-32812
-32788
-32664
-32436
-32166
-31798
-31368
-30820
-30292
-29562
-28880
-28044
-27200
-26234
-25268
-24200
-23042
-21920
-20676
-19390
-18066
-16724
-15298
-13832
-12400
-10868
-9326
-7794
-6202
-4622
-3016
-1410
204
1808
3422
5024
6580
8194
9722
11246
12742
14220
15682
17022
18428
19700
21000
22196
23360
24454
25506
26498
27414
28256
29058
29754
30416
30996
31442
31920
32252
32490
32696
32786
32868
32742
32706
32404
32168
31810
31380
30800
30270
29626
28818
28082
27182
26240
25266
24182
23080
21906
20652
19416
18060
16716
15286
13864
12384
10854
9356
7772
6204
4624
3026
1392
-186
-1824
-3404
-5030
-6596
-8174
-9736
-11226
-12774
-14202
-15664
-17050
-18410
-19710
-21002
-22188
-23354
-24458
-25528
-26470
-27418
-28264
-29060
-29746
-30432
-30964
-31476
-31914
-32222
-32528
-32660
-32832
-32820
-32792
-32640
-32464
-32146
-31806
-31360
-30856
-30224
-29622
-28864
-28032
-27210
-26244
-25250
-24198
-23062
-21896
-20682
-19406
-18050
-16730
-15278
-13870
-12370
-10868
-9346
-7782
-6202
-4626
-3024
-1386
180
1832
3390
5048
6580
8190
9710
11252
12752
14222
15656
17042
18418
19722
20964
22214
23368
24442
25508
26514
27382
28292
29026
29782
30400
30992
31462
31908
32240
32502
32692
32812
32826
32780
32660
32448
32140
31838
31344
30830
30272
29580
28880
28038
27202
26238
25258
24206
23056
21908
20662
19418
18038
16738
15286
13864
12368
10866
9366
7756
6206
4634
3004
1432
-232
-1794
-3422
-5008
-6620
-8156
-9742
-11232
-12758
-14228
-15636
-17064
-18416
-19694
-21012
-22180
-23370
-24452
-25516
-26478
-27420
-28270
-29034
-29786
-30400
-30966
-31510
-31866
-32256
-32504
-32688
-32804
-32844
-32772
-32640
-32472
-32164
-31772
-31374
-30848
-30266
-29556
-28902
-28040
-27186
-26248
-25260
-24188
-23074
-21902
-20664
-19406
-18072
-16702
-15310
-13840
-12390
-10868
-9338
-7778
-6212
-4616
-3014
-1432
228
1810
3404
5026
6600
8184
9692
11290
12720
14244
15632
17070
18398
19726
20972
22218
23344
24470
25484
26530
27374
28304
29014
29766
30436
30946
31524
31852
32262
32510
32666
32844
32804
32790
32666
32424
32168
31826
31324
30860
30268
29568
28880
28054
27186
26248
25248
24214
23048
21908
20678
19396
18058
16722
15296
13846
12398
10850
9340
7792
6210
4612
3014
1408
-186
-1832
-3400
-5026
-6604
-8162
-9726
-11274
-12726
-14218
-15674
-17044
-18396
-19726
-20996
-22188
-23354
-24480
-25484
-26508
-27412
-28252
-29068
-29750
-30400
-31024
-31436
-31912
-32236
-32508
-32692
-32808
-32828
-32772
-32676
-32432
-32166
-31790
-31376
-30836
-30264
-29578
-28866
-28066
-27180
-26258
-25234
-24228
-23020
-21948
-20648
-19408
-18060
-16716
-15294
-13862
-12368
-10884
-9336
-7774
-6212
-4622
-3006
-1438
234
1792
3430
5012
6604
8182
9710
11248
12762
14212
15672
17026
18418
19728
20974
22200
23364
24462
25498
26492
27420
28254
29068
29746
30420
30978
31484
31884
32262
32470
32728
32794
32818
32804
32650
32430
32176
31794
31358
30848
30256
29596
28856
28060
27190
26240
25266
24178
23088
21876
20698
19374
18094
16694
15300
13852
12390
10858
9346
7778
6200
4640
2996
1416
-192
-1824
-3418
-5016
-6596
-8178
-9728
-11242
-12750
-14222
-15664
-17038
-18420
-19712
-20986
-22194
-23362
-24474
-25486
-26504
-27402
-28288
-29020
-29788
-30390
-30996
-31482
-31870
-32268
-32500
-32684
-32808
-32840
-32764
-32660
-32472
-32126
-31824
-31354
-30834
-30270
-29590
-28852
-28068
-27188
-26240
-25264
-24180
-23088
-21882
-20676
-19410
-18064
-16698
-15312
-13850
-12384
-10858
-9356
-7766
-6224
-4608
-3018
-1412
188
1852
3378
5042
6586
8184
9724
11238
12764
14218
15642
17060
18412
19718
20976
22206
23352
24464
25516
26478
27416
28260
29050
29786
30392
30986
31464
31914
32232
32502
32704
32788
32844
32780
32662
32432
32162
31816
31348
30836
30280
29578
28854
28072
27176
26274
25224
24196
23088
21878
20698
19378
18074
16706
15310
13844
12398
10842
9344
7804
6186
4632
3012
1406
-204
-1802
-3412
-5030
-6594
-8186
-9708
-11264
-12734
-14232
-15652
-17046
-18412
-19728
-20970
-22206
-23362
-24442
-25542
-26464
-27412
-28278
-29046
-29754
-30434
-30968
-31474
-31894
-32256
-32488
-32708
-32800
-32824
-32796
-32640
-32452
-32176
-31772
-31384
-30836
-30250
-29584
-28892
-28040
-27182
-26256
-25248
-24202
-23070
-21878
-20708
-19376
-18080
-16706
-15292
-13860
-12392
-10842
-9370
-7756
-6228
-4596
-3036
-1406
212
1800
3418
5026
6602
8160
9744
11236
12752
14226
15654
17034
18428
19724
20966
22210
23366
24444
25516
26486
27422
28248
29070
29752
30404
31004
31458
31896
32250
32510
32662
32846
32806
32784
32668
32438
32158
31800
31360
30842
30278
29562
28884
28046
27186
26252
25260
24182
23078
21898
20682
19382
18088
16690
15308
13854
12372
10890
9316
7786
6230
4594
3020
1424
-216
-1810
-3410
-5020
-6606
-8160
-9750
-11226
-12744
-14246
-15650
-17026
-18432
-19718
-20980
-22192
-23370
-24452
-25524
-26470
-27418
-28268
-29056
-29746
-30436
-30960
-31480
-31906
-32238
-32492
-32704
-32828
-32780
-32820
-32640
-32456
-32150
-31808
-31344
-30878
-30222
-29616
-28848
-28062
-27188
-26246
-25258
-24180
-23088
-21892
-20674
-19392
-18072
-16722
-15276
-13870
-12374
-10874
-9332
-7798
-6174
-4650
-3004
-1422
214
1808
3418
5026
6580
8204
9690
11274
12752
14196
15678
17040
18414
19710
20992
22206
23340
24476
25500
26480
27438
28254
29044
29758
30428
30966
31494
31880
32250
32506
32694
32784
32848
32802
32624
32454
32160
31822
31338
30836
30276
29584
28866
28052
27190
26244
25268
24174
23080
21908
20650
19424
18048
16722
15294
13854
12398
10840
9348
7794
6184
4652
2980
1434
-202
-1828
-3400
-5030
-6600
-8162
-9732
-11250
-12752
-14222
-15652
-17038
-18424
-19714
-20984
-22202
-23344
-24478
-25510
-26474
-27418
-28274
-29048
-29754
-30404
-31024
-31428
-31908
-32256
-32492
-32704
-32808
-32814
-32798
-32638
-32462
-32154
-31798
-31376
-30824
-30268
-29590
-28856
-28060
-27204
-26214
-25278
-24184
-23090
-21868
-20694
-19402
-18046
-16738
-15272
-13878
-12368
-10864
-9342
-7796
-6192
-4630
-3008
-1408
192
1812
3430
5000
6632
8132
9752
11250
12734
14232
15664
17036
18398
19744
20970
22200
23362
24466
25502
26478
27432
28270
29008
29808
30384
30994
31498
31830
32336
32432
32704
32828
32814
32780
32674
32424
32172
31802
31352
30850
30248
29596
28874
28034
27218
26208
25294
24150
23114
21878
20682
19386
18080
16696
15314
13852
12374
10874
9332
7794
6200
4624
3006
1426
-224
-1782
-3446
-5002
-6602
-8180
-9722
-11240
-12764
-14220
-15644
-17060
-18406
-19714
-20994
-22190
-23360
-24470
-25488
-26506
-27406
-28268
-29060
-29734
-30440
-30996
-31424
-31930
-32242
-32504
-32672
-32840
-32808
-32792
-32644
-32452
-32172
-31782
-31372
-30846
-30236
-29622
-28840
-28064
-27192
-26230
-25286
-24160
-23104
-21880
-20672
-19404
-18058
-16730
-15268
-13884
-12370
-10852
-9362
-7766
-6228
-4596
-3028
-1412
212
1792
3438
5014
6586
8196
9704
11264
12738
14240
15628
17068
18412
19706
21000
22176
23368
24474
25496
26492
27422
28236
29090
29734
30416
30998
31458
31902
32238
32536
32640
32838
32822
32796
32630
32478
32130
31818
31360
30848
30236
29602
28882
28018
27226
26234
25242
24206
23066
21906
20662
19406
18074
16702
15298
13858
12376
10886
9310
7808
6188
4626
3022
1412
-220
-1792
-3424
-5028
-6588
-8178
-9732
-11234
-12766
-14210
-15652
-17062
-18414
-19688
-21010
-22202
-23344
-24466
-25498
-26512
-27396
-28288
-29012
-29792
-30408
-30968
-31476
-31948
-32182
-32510
-32716
-32800
-32832
-32772
-32664
-32436
-32166
-31814
-31352
-30832
-30274
-29584
-28854
-28076
-27178
-26240
-25266
-24192
-23046
-21948
-20626
-19426
-18058
-16714
-15294
-13862
-12376
-10854
-9364
-7762
-6222
-4602
-3036
-1392
190
1816
3414
5022
6604
8168
9732
11230
12774
14208
15660
17036
18426
19718
20972
22214
23332
24502
25470
26506
27414
28266
29044
29762
30426
30950
31502
31908
32194
32558
32674
32794
32840
32780
32658
32440
32174
31788
31368
30848
30240
29612
28850
28052
27204
26232
25260
24196
23072
21888
20690
19390
18062
16716
15306
13836
12390
10886
9312
7796
6198
4636
2996
1426
-204
-1814
-3432
-5000
-6600
-8192
-9702
-11276
-12730
-14216
-15668
-17062
-18382
-19732
-20978
-22198
-23376
-24438
-25514
-26504
-27402
-28256
-29060
-29768
-30406
-30982
-31468
-31916
-32214
-32532
-32692
-32776
-32852
-32784
-32648
-32448
-32164
-31788
-31378
-30842
-30240
-29614
-28842
-28078
-27170
-26250
-25274
-24164
-23088
-21900
-20662
-19410
-18064
-16698
-15322
-13844
-12372
-10880
-9342
-7778
-6190
-4652
-2990
-1424
206
1818
3408
5024
6596
8184
9704
11270
12742
14212
15676
17036
18408
19728
20972
22214
23342
24470
25512
26492
27400
28278
29028
29790
30396
30990
31466
31904
32238
32518
32666
32826
32818
32786
32680
32422
32148
31828
31338
30862
30238
29612
28844
28070
27178
26252
25264
24166
23090
21906
20672
19368
18108
16690
15292
13872
12372
10862
9356
7768
6220
4604
3022
1412
-192
-1830
-3406
-5026
-6584
-8204
-9690
-11280
-12728
-14226
-15660
-17042
-18422
-19714
-20978
-22202
-23350
-24482
-25486
-26504
-27410
-28258
-29054
-29766
-30412
-30988
-31452
-31912
-32254
-32498
-32688
-32784
-32868
-32768
-32648
-32460
-32134
-31834
-31352
-30832
-30260
-29594
-28868
-28050
-27190
-26252
-25242
-24204
-23074
-21884
-20688
-19390
-18082
-16690
-15314
-13844
-12386
-10868
-9336
-7776
-6230
-4598
-3020
-1418
214
1800
3422
5022
6596
8172
9734
11242
12748
14226
15654
17044
18406
19732
20980
22198
23350
24466
25522
26472
27420
28252
29056
29788
30374
31012
31456
31888
32274
32492
32682
32808
32844
32770
32654
32450
32160
31806
31356
30836
30270
29584
28866
28062
27174
26260
25248
24190
23076
21912
20642
19432
18044
16718
15298
13854
12378
10880
9322
7800
6196
4622
3012
1404
-190
-1800
-3456
-4976
-6634
-8148
-9752
-11226
-12750
-14242
-15632
-17066
-18398
-19724
-20994
-22176
-23382
-24428
-25558
-26452
-27406
-28308
-29010
-29766
-30448
-30934
-31510
-31882
-32240
-32512
-32704
-32776
-32852
-32772
-32666
-32416
-32218
-31758
-31366
-30844
-30264
-29578
-28876
-28048
-27198
-26230
-25276
-24170
-23070
-21930
-20646
-19408
-18064
-16722
-15272
-13882
-12364
-10880
-9320
-7806
-6184
-4640
-3008
-1400
176
1840
3402
5022
6610
8144
9764
11230
12738
14240
15644
17058
18412
19710
20980
22208
23352
24466
25512
26492
27398
28270
29054
29762
30406
30992
31454
31936
32210
32502
32714
32790
32834
32786
32650
32456
32150
31808
31354
30846
30266
29578
28864
28072
27154
26288
25222
24226
23032
21932
20652
19416
18052
16724
15290
13848
12394
10858
9344
7780
6214
4614
3014
1406
-184
-1828
-3412
-5030
-6572
-8204
-9714
-11242
-12754
-14232
-15634
-17062
-18414
-19708
-20982
-22210
-23360
-24454
-25504
-26496
-27410
-28272
-29050
-29750
-30424
-30974
-31480
-31904
-32234
-32482
-32740
-32776
-32832
-32776
-32676
-32432
-32174
-31770
-31400
-30812
-30274
-29588
-28858
-28066
-27192
-26230
-25254
-24212
-23060
-21890
-20704
-19370
-18076
-16706
-15320
-13828
-12388
-10878
-9330
-7778
-6220
-4606
