000000
0000AE
0001B6
0006BA
000D46
0013B4
0019B2
001FFC
0025FE
002BE2
0031D8
003794
003D1C
00429C
0047F0
004CFE
005200
0056B8
005B36
005F94
0063A4
006770
006B28
006E62
007168
00745C
0076B6
00791C
007ADE
007CA2
007DFC
007EE0
007FD2
008008
008058
007FFC
007F9A
007EB6
007DA8
007C36
007A78
00787E
00764A
00737E
0070BE
006DA6
006A2A
00668C
0062B4
005E6C
005A28
005584
0050CE
004BBC
00469C
004144
003BBE
003624
003058
002A80
002462
001E7A
00182E
001226
000BAA
00059A
1FFF28
1FF8F0
1FF29E
1FEC80
1FE612
1FE036
1FD9E6
1FD420
1FCE30
1FC86A
1FC2DE
1FBD6C
1FB810
1FB2F6
1FAE18
1FA934
1FA4CE
1FA068
1F9C78
1F9864
1F9502
1F9194
1F8E84
1F8BAE
1F894C
1F86EA
1F8516
1F8352
1F822C
1F80EC
1F8064
1F7FCC
1F7FBC
1F8004
1F8068
1F8138
1F8268
1F83BC
1F8596
1F8774
1F89DE
1F8C4C
1F8F46
1F9284
1F95B2
1F9988
1F9D50
1FA17C
1FA5F2
1FAA66
1FAF44
1FB438
1FB96E
1FBEBC
1FC434
1FC9F4
1FCF8A
1FD59C
1FDB8A
1FE192
1FE7BC
1FEDFE
1FF434
1FFA7A
0000CA
00071A
000D5E
001386
0019E0
001FD0
002622
002BDA
0031D8
00378C
003D12
0042AE
0047EE
004CF8
0051FA
0056CA
005B24
005FA6
00638E
006788
006B0E
006E74
007166
007456
0076BA
007920
007AD2
007CC0
007DCE
007F02
007FC8
008004
008060
007FF6
007F96
007EC8
007D96
007C3E
007A78
007884
007634
007390
0070C2
006D94
006A40
006674
0062B4
005E7A
005A2E
005576
0050D6
004BB6
00469E
00413E
003BCE
003608
003082
002A40
0024A4
001E5A
00183A
001216
000BB2
0005A4
1FFF14
1FF90E
1FF286
1FEC82
1FE61C
1FE020
1FDA06
1FD406
1FCE30
1FC884
1FC2D2
1FBD5A
1FB824
1FB2EE
1FAE0E
1FA956
1FA4B0
1FA076
1F9C62
1F9882
1F94EE
1F91A2
1F8E70
1F8BBE
1F8942
1F86FC
1F8504
1F8370
1F81FE
1F8118
1F803C
1F7FDC
1F7FDC
1F7FC8
1F8090
1F8134
1F8270
1F83AE
1F858C
1F878C
1F89C6
1F8C62
1F8F54
1F9250
1F95E0
1F996C
1F9D5C
1FA178
1FA5F4
1FAA68
1FAF42
1FB432
1FB978
1FBEB4
1FC434
1FC9F4
1FCF96
1FD58C
1FDB96
1FE17A
1FE7DC
1FEDF0
1FF42E
1FFA84
0000C8
000718
000D50
0013A6
0019C8
001FDA
00261C
002BDE
0031C8
00379E
003D18
0042A2
0047EC
004D04
0051EE
0056D0
005B1C
005FB4
006384
006788
006B18
006E64
007172
007450
0076C6
007902
007AFA
007C9C
007DEC
007EF8
007FAC
008040
008026
008024
007F7E
007EB8
007DBA
007C24
007A82
00788A
007630
007384
0070DC
006D82
006A36
0066A0
006284
005E9A
005A14
00558C
0050C6
004BC4
00468E
004156
003BB0
003626
003058
002A84
00246E
001E62
00184C
0011FE
000BD4
00057E
1FFF3A
1FF8E2
1FF2AE
1FEC58
1FE656
1FDFF2
1FDA1E
1FD3F6
1FCE40
1FC868
1FC2F0
1FBD4A
1FB830
1FB2E6
1FAE08
1FA954
1FA4C6
1FA05C
1F9C6E
1F988E
1F94D0
1F91A2
1F8E9C
1F8BA2
1F893C
1F86FA
1F8506
1F837A
1F8200
1F8100
1F805C
1F7FD0
1F7FC0
1F7FFC
1F8064
1F8148
1F8260
1F83C0
1F858E
1F8776
1F89E0
1F8C52
1F8F56
1F9256
1F95D8
1F997A
1F9D4C
1FA18E
1FA5C6
1FAA9E
1FAF24
1FB442
1FB95E
1FBEC6
1FC43C
1FC9DE
1FCFA0
1FD5A2
1FDB6A
1FE1A4
1FE7C2
1FEDFE
1FF41E
1FFA92
0000C6
000718
000D52
0013A0
0019C0
001FF2
002602
002BF0
0031CA
003790
003D1C
0042A6
0047EA
004D04
0051FA
0056AA
005B4E
005F84
0063B0
006768
006B20
006E64
00718E
007418
007702
0078D6
007B14
007C80
007E00
007EFE
007FA8
008022
008058
007FF0
007F9E
007EBA
007DA0
007C3E
007A80
007876
00762E
0073A0
0070BC
006D9E
006A2E
006686
0062A2
005E84
005A22
00558E
0050BE
004BC6
004690
004154
003BB2
003630
00304E
002A86
002468
001E6E
00183A
00121E
000BB8
00058A
1FFF30
1FF8EA
1FF2AE
1FEC68
1FE620
1FE036
1FD9E6
1FD420
1FCE2A
1FC878
1FC2CE
1FBD6E
1FB81C
1FB2EE
1FAE12
1FA946
1FA4C0
1FA06A
1F9C6A
1F9888
1F94DC
1F91A8
1F8E74
1F8BCC
1F892C
1F86F8
1F851A
1F8352
1F821C
1F8104
1F8040
1F7FF8
1F7FA8
1F7FFC
1F8074
1F8138
1F8260
1F83C8
1F8586
1F8782
1F89CC
1F8C6E
1F8F36
1F927A
1F95BC
1F9982
1F9D4A
1FA19C
1FA5C2
1FAA80
1FAF4A
1FB42E
1FB970
1FBEB4
1FC450
1FC9BC
1FCFCE
1FD56C
1FDB90
1FE1A6
1FE7A0
1FEE22
1FF414
1FFA8E
0000B6
000730
000D4C
001388
0019EC
001FDE
0025EE
002C06
0031CA
003782
003D34
00428A
0047FC
004CF4
005212
005692
005B56
005F90
006398
00677C
006B16
006E62
007182
00743A
0076DE
007900
007AEA
007C96
007DF0
007F24
007F82
00802A
008054
007FFA
007FA2
007EB0
007DB2
007C26
007A7E
00788C
007624
0073A4
0070AC
006DAA
006A26
006690
0062A4
005E88
005A0A
0055A2
0050B0
004BE2
00466E
00416A
003BAA
00361C
00306C
002A74
00246C
001E76
001842
0011F2
000BDC
00057A
1FFF44
1FF8E2
1FF29C
1FEC74
1FE634
1FE008
1FDA12
1FD406
1FCE3A
1FC86A
1FC2E6
1FBD56
1FB81C
1FB2FE
1FAE0C
1FA940
1FA4BE
1FA074
1F9C68
1F9882
1F94E2
1F9198
1F8E98
1F8B9A
1F895C
1F86DE
1F851A
1F835C
1F821C
1F8100
1F8048
1F7FDC
1F7FC0
1F7FF8
1F8070
1F813C
1F8260
1F83C8
1F857E
1F8792
1F89C4
1F8C5A
1F8F4E
1F9276
1F95BE
1F9972
1F9D62
1FA17E
1FA5E0
1FAA70
1FAF4A
1FB432
1FB962
1FBECA
1FC442
1FC9CC
1FCFAC
1FD59E
1FDB68
1FE1B0
1FE7B0
1FEE04
1FF434
1FFA74
0000CC
000720
000D56
001394
0019D0
001FDE
002614
002BEA
0031CE
003782
003D36
004294
0047EE
004D02
0051EA
0056D4
005B2E
005F84
0063B0
006782
006B06
006E6A
007182
007436
0076D2
00790E
007AEA
007C98
007E02
007EE0
007FCA
00800E
008058
007FF0
007FBC
007E9C
007DA8
007C32
007A8E
007874
007634
00738E
0070C8
006D9A
006A2C
00668C
0062B0
005E62
005A38
005596
0050B4
004BAC
0046C8
00411E
003BD4
003614
003066
002A6A
002484
001E64
00183E
001210
000BBC
000596
1FFF24
1FF8FA
1FF28E
1FEC88
1FE622
1FE00A
1FDA1E
1FD3F8
1FCE40
1FC864
1FC2E6
1FBD62
1FB80E
1FB30A
1FAE02
1FA94A
1FA4B4
1FA076
1F9C7C
1F985A
1F94FE
1F919C
1F8E84
1F8BB0
1F8944
1F86E4
1F852A
1F8350
1F821A
1F80F4
1F807A
1F7F9C
1F7FEC
1F7FF0
1F8050
1F8168
1F8248
1F83D0
1F857E
1F8782
1F89D6
1F8C66
1F8F40
1F9268
1F95C6
1F9986
1F9D52
1FA17C
1FA5E0
1FAA72
1FAF4C
1FB42E
1FB974
1FBEB4
1FC43C
1FC9EA
1FCFA0
1FD57E
1FDBA2
1FE182
1FE7C8
1FEDFE
1FF424
1FFA90
0000BE
000724
000D48
0013A4
0019C0
001FF6
0025F8
002BF6
0031D2
003784
003D28
00429A
0047E8
004D0C
0051F6
0056BA
005B3C
005F88
0063B4
00675C
006B30
006E5E
007180
007442
0076BC
00791C
007AE4
007CA2
007DF0
007EFC
007FAC
008036
008026
008014
007FB4
007E92
007DA8
007C4A
007A74
007880
007632
00738C
0070D2
006D86
006A42
006688
006294
005E9A
005A10
005588
0050CA
004BC6
00468E
00414E
003BB2
003638
00303E
002A92
002470
001E5C
001856
0011EA
000BEA
000576
1FFF2C
1FF8FA
1FF29E
1FEC6A
1FE634
1FE00E
1FDA14
1FD3F2
1FCE52
1FC860
1FC2E4
1FBD62
1FB80A
1FB30A
1FAE02
1FA952
1FA4B6
1FA06A
1F9C74
1F987E
1F94E0
1F91A6
1F8E7C
1F8BC4
1F892C
1F870E
1F84F4
1F8374
1F8212
1F80F6
1F805C
1F7FD4
1F7FCC
1F7FE0
1F8084
1F8134
1F8260
1F83CE
1F856E
1F87A8
1F89AE
1F8C70
1F8F44
1F9260
1F95E4
1F995E
1F9D66
1FA178
1FA5F0
1FAA5E
1FAF48
1FB442
1FB962
1FBEBA
1FC448
1FC9E0
1FCF9C
1FD588
1FDB94
1FE196
1FE7B4
1FEE08
1FF42A
1FFA8C
0000B2
000726
000D5A
001394
0019C8
001FF6
0025FA
002BF6
0031C2
00378C
003D30
004296
0047E4
004D1C
0051D2
0056D4
005B42
005F7A
0063AA
006780
006B1C
006E4A
007190
007444
0076D2
0078F0
007B0E
007C80
007DFC
007F06
007FA4
008022
00804C
008008
007F92
007EB4
007DB2
007C30
007A7C
00787C
00762C
0073AE
0070B0
006D92
006A3C
006692
00628C
005E9C
005A10
005592
0050B8
004BCC
0046A4
004128
003BDE
003606
003074
002A5E
002486
001E60
00184C
00120A
000BB4
000598
1FFF2E
1FF8DE
1FF2BA
1FEC5C
1FE636
1FE010
1FDA16
1FD3FE
1FCE28
1FC884
1FC2D8
1FBD64
1FB816
1FB2F4
1FAE08
1FA954
1FA4B2
1FA07C
1F9C60
1F9886
1F94E2
1F9194
1F8E9C
1F8BA6
1F8948
1F86EA
1F850E
1F8370
1F81FC
1F8124
1F802C
1F7FF0
1F7FC8
1F7FD8
1F8088
1F8130
1F826A
1F83C2
1F8584
1F8788
1F89C6
1F8C6A
1F8F44
1F926E
1F95C4
1F9974
1F9D5C
1FA18C
1FA5DA
1FAA68
1FAF52
1FB432
1FB954
1FBEE6
1FC418
1FC9F6
1FCF9C
1FD586
1FDB96
1FE182
1FE7D6
1FEDF0
1FF42C
1FFA84
0000D0
000708
000D66
00138C
0019DC
001FE6
0025EE
002C02
0031D4
003776
003D3C
004292
0047E8
004D14
0051E4
0056BA
005B4C
005F7C
0063C4
00675C
006B18
006E6A
007190
007420
0076EE
0078E8
007AFA
007CA8
007DE4
007EFE
007FBC
00800A
00805C
008004
007F8A
007ED8
007D76
007C60
007A6C
007886
00762C
00738E
0070CA
006D90
006A40
006680
0062B6
005E60
005A38
005588
0050BE
004BB8
0046C2
00410A
003BF0
00360C
003060
002A70
002482
001E5A
00184C
001208
000BC6
00058C
1FFF24
1FF8FA
1FF29C
1FEC70
1FE630
1FE016
1FDA08
1FD402
1FCE34
1FC87E
1FC2D2
1FBD6A
1FB80E
1FB300
1FAE02
1FA946
1FA4C8
1FA06E
1F9C68
1F9878
1F94F6
1F9190
1F8E86
1F8BC2
1F8934
1F86EE
1F851A
1F8366
1F8208
1F8100
1F8064
1F7FBC
1F7FEC
1F7FC0
1F8088
1F8144
1F825A
1F83CC
1F857C
1F8776
1F89EC
1F8C50
1F8F50
1F9256
1F95E4
1F9960
1F9D74
1FA16C
1FA5E2
1FAA78
1FAF3C
1FB442
1FB962
1FBEC8
1FC432
1FC9DC
1FCFA8
1FD592
1FDB82
1FE19E
1FE7AC
1FEE18
1FF416
1FFA90
0000CA
000708
000D60
0013A2
0019BC
001FEC
00260A
002BF0
0031CE
003776
003D44
004292
0047E8
004D06
0051E8
0056D6
005B30
005F7A
0063C4
00676A
006B0E
006E82
00714C
007470
0076BC
007906
007AF4
007C98
007DFC
007EDE
007FCC
008022
008038
008016
007F80
007ED2
007D94
007C48
007A64
0078A0
00761A
007392
0070D8
006D7A
006A46
00668C
00629C
005E7A
005A34
005578
0050D0
004BBC
00468C
00415A
003BC4
003604
00306A
002A86
002460
001E70
00183E
001216
000BC0
000582
1FFF30
1FF8FA
1FF29E
1FEC68
1FE62E
1FE020
1FD9FC
1FD412
1FCE28
1FC87C
1FC2DC
1FBD60
1FB816
1FB300
1FADF4
1FA964
1FA4BE
1FA05C
1F9C70
1F987A
1F9504
1F9174
1F8EA0
1F8BB4
1F892A
1F8712
1F84F6
1F8376
1F8206
1F80FA
1F8062
1F7FD6
1F7FB8
1F7FF4
1F8080
1F8128
1F826C
1F83CE
1F8578
1F8786
1F89D4
1F8C60
1F8F3A
1F9284
1F95B6
1F9984
1F9D4C
1FA192
1FA5D0
1FAA7A
1FAF36
1FB456
1FB940
1FBEE4
1FC428
1FC9EA
1FCF94
1FD59A
1FDB82
1FE198
1FE7C2
1FEDF6
1FF436
1FFA76
0000E2
0006F6
000D70
00138C
0019DA
001FE4
0025EC
002C10
0031B0
00379E
003D2A
00428E
0047EE
004D12
0051E2
0056D6
005B16
005FB4
006382
0067A2
006AEA
006E7E
007180
00743A
0076D0
0078F2
007B16
007C80
007DEE
007F08
007FAE
00802E
008036
008012
007F86
007EC6
007DA4
007C32
007A80
007882
007632
00738C
0070BC
006DB2
006A26
00667C
0062B0
005E88
005A0E
0055A4
0050A6
004BDC
00468E
00413E
003BCE
00361A
003062
002A60
00248C
001E64
00183C
00120E
000BC8
000576
1FFF54
1FF8CC
1FF2B8
1FEC64
1FE624
1FE030
1FD9F0
1FD41A
1FCE24
1FC87E
1FC2D2
1FBD74
1FB804
1FB306
1FAE04
1FA944
1FA4D0
1FA05A
1F9C76
1F9874
1F94F6
1F9190
1F8E92
1F8BB0
1F8932
1F86FA
1F851C
1F835A
1F821A
1F80F0
1F805C
1F7FDC
1F7FD4
1F7FBC
1F8094
1F8148
1F8242
1F83F0
1F855A
1F87A0
1F89B8
1F8C74
1F8F42
1F9264
1F95CE
1F9974
1F9D62
1FA178
1FA5E8
1FAA6E
1FAF42
1FB436
1FB96C
1FBEBE
1FC444
1FC9D0
1FCFAC
1FD590
1FDB7A
1FE1AC
1FE7AA
1FEDFC
1FF440
1FFA72
0000D0
000722
000D3A
0013B8
0019B0
00200A
0025EA
002BF0
0031D2
00378C
003D30
004290
0047E6
004D14
0051F0
0056BA
005B3A
005F92
00639C
006784
006B16
006E5A
007180
007444
0076CC
00790E
007AE4
007CAA
007DE0
007F02
007FBC
008010
00805E
007FEA
007FAC
007EAE
007DAE
007C28
007A92
00786C
00763C
007396
0070B4
006DB0
006A20
00668E
0062A6
005E7C
005A28
00558E
0050BA
004BC2
0046A6
004138
003BBC
00362E
003054
002A6E
002484
001E70
001834
001206
000BD2
000576
1FFF4A
1FF8DC
1FF2A6
1FEC66
1FE648
1FDFFE
1FDA0A
1FD41A
1FCE20
1FC87C
1FC2DA
1FBD6A
1FB808
1FB304
1FAE00
1FA958
1FA4BE
1FA06E
1F9C4E
1F9898
1F94E8
1F9194
1F8E88
1F8BB8
1F8940
1F86E0
1F8538
1F833A
1F822C
1F80F8
1F804E
1F7FE4
1F7FB8
1F7FF0
1F8070
1F8148
1F8260
1F83BC
1F858E
1F877A
1F89DC
1F8C52
1F8F54
1F9264
1F95C2
1F9982
1F9D5A
1FA176
1FA5F4
1FAA5E
1FAF54
1FB428
1FB972
1FBEB8
1FC442
1FC9F0
1FCF8C
1FD59E
1FDB6C
1FE1BA
1FE7A6
1FEE00
1FF436
1FFA88
0000B0
000726
000D5C
001390
0019CE
001FF0
0025FC
002BEA
0031D2
003786
003D3E
00427E
0047FC
004CFE
0051F6
0056BE
005B40
005F7A
0063BC
00676C
006B1C
006E62
007178
007446
0076DA
0078EE
007B0A
007C8E
007DEA
007F06
007FAA
008032
008038
008008
007F94
007EC0
007DAA
007C26
007A88
007878
007640
007388
0070D0
006D80
006A3A
0066A2
006288
005E88
005A2C
00557A
0050D2
004BAE
0046AA
004142
003BBC
003628
003054
002A78
00246E
001E7E
001834
0011FE
000BDE
000576
1FFF36
1FF8F4
1FF29A
1FEC76
1FE62C
1FE01A
1FDA02
1FD3FE
1FCE4C
1FC86A
1FC2CC
1FBD72
1FB818
1FB2E8
1FAE2A
1FA922
1FA4D8
1FA076
1F9C48
1F9890
1F94F8
1F918A
1F8E84
1F8BCE
1F8920
1F8704
1F850C
1F8366
1F820A
1F8118
1F8038
1F7FE8
1F7FC4
1F7FCC
1F80A4
1F8128
1F8262
1F83C6
1F8580
1F877E
1F89DA
1F8C62
1F8F4C
1F9262
1F95BA
1F9992
1F9D52
1FA168
1FA608
1FAA5A
1FAF40
1FB448
1FB95A
1FBECC
1FC42E
1FC9E6
1FCFAC
1FD584
1FDB7A
1FE1B8
1FE7A4
1FEE04
1FF42C
1FFA86
0000CE
000704
000D64
00139C
0019B8
002000
0025F8
002BFC
0031B4
0037A0
003D22
004294
0047F4
004CFE
005206
0056A4
005B48
005F92
00639E
006774
006B24
006E62
007166
007468
0076B8
007908
007AE4
007CAE
007DF2
007EEE
007FB4
008022
00804E
008004
007F86
007ED6
007D8C
007C40
007A88
007868
00763E
00739E
0070AC
006DA0
006A32
00669C
006288
005E94
005A1A
005580
0050DA
004BAC
0046B6
004120
003BDC
00361E
003048
002A94
00245E
001E68
00185A
0011EC
000BD4
000588
1FFF2A
1FF8FC
1FF294
1FEC70
1FE634
1FE014
1FD9FE
1FD41E
1FCE1C
1FC888
1FC2C8
1FBD6E
1FB81A
1FB2F4
1FAE08
1FA940
1FA4DE
1FA05C
1F9C5C
1F9894
1F94D8
1F91A4
1F8E92
1F8BA4
1F8944
1F86F4
1F850E
1F836A
1F820C
1F8100
1F8060
1F7FC4
1F7FD0
1F7FD8
1F809C
1F8128
1F825A
1F83D6
1F8578
1F878E
1F89BE
1F8C72
1F8F44
1F9262
1F95D0
1F9978
1F9D60
1FA168
1FA5F8
1FAA6A
1FAF48
1FB434
1FB96C
1FBEB4
1FC442
1FC9EA
1FCF9C
1FD58E
1FDB82
1FE194
1FE7D8
1FEDE0
1FF430
1FFA98
0000C2
00070A
000D5A
0013A4
0019C4
001FFA
0025EC
002BF2
0031DC
00377A
003D36
004290
0047F2
004D06
0051F8
0056B2
005B42
005F8A
0063A8
006776
006B1A
006E66
007172
007452
0076BC
007918
007AE8
007CA2
007DE8
007EF6
007FCA
00800A
00804E
008014
007F84
007EC0
007DAA
007C1E
007AA0
007876
00762C
00738E
0070D0
006D8E
006A2E
006698
006294
005E94
005A12
005594
0050BE
004BB4
0046BA
004128
003BC8
00362A
00304E
002A7C
002476
001E6A
00183C
00120E
000BCC
00057C
1FFF3A
1FF8EC
1FF298
1FEC80
1FE620
1FE01E
1FD9FE
1FD40E
1FCE3A
1FC86A
1FC2E4
1FBD60
1FB816
1FB2FA
1FADFE
1FA956
1FA4BE
1FA072
1F9C62
1F9880
1F94EE
1F9192
1F8E98
1F8B9A
1F8966
1F86C0
1F8528
1F8376
1F81FA
1F8114
1F8038
1F7FF8
1F7FAC
1F7FF8
1F8070
1F813E
1F8266
1F83BC
1F8586
1F8786
1F89D4
1F8C60
1F8F3A
1F9284
1F95AC
1F9984
1F9D6A
1FA15A
1FA60A
1FAA62
1FAF32
1FB44A
1FB968
1FBEBA
1FC438
1FC9EA
1FCFA0
1FD584
1FDB8C
1FE1AC
1FE7A2
1FEDFA
1FF44E
1FFA6A
0000C6
000730
000D36
0013B4
0019BA
002000
0025E8
002BFA
0031DA
003776
003D36
004298
0047F0
004CF8
0051FE
0056C0
005B2A
005FA4
006390
006792
006AEE
006E8C
007176
00742C
0076D6
007912
007AF6
007C86
007DF0
007F06
007FC2
008006
008054
008002
007F9A
007EBE
007D9A
007C36
007A8C
007876
007628
0073A8
0070AA
006DAC
006A2C
006688
0062AA
005E7C
005A20
005594
0050B4
004BC0
0046B4
004128
003BC6
003630
00305A
002A6A
00246E
001E7C
00183A
00120C
000BBA
000598
1FFF32
1FF8DC
1FF2B4
1FEC60
1FE640
1FDFFE
1FDA1C
1FD3FC
1FCE42
1FC860
1FC2E4
1FBD68
1FB81C
1FB2EC
1FAE04
1FA960
1FA4B2
1FA072
1F9C5A
1F9890
1F94E4
1F919A
1F8E96
1F8B9A
1F894A
1F86FE
1F84FC
1F8374
1F8206
1F810C
1F8058
1F7FC0
1F7FD0
1F7FF0
1F807C
1F8136
1F8268
1F83AE
1F8598
1F878C
1F89B4
1F8C7C
1F8F3A
1F9274
1F95B4
1F9994
1F9D42
1FA192
1FA5D2
1FAA74
1FAF54
1FB426
1FB96C
1FBECA
1FC422
1FCA00
1FCF94
1FD58A
1FDB86
1FE19A
1FE7BE
1FEE0A
1FF41A
1FFA92
0000BA
000726
000D4A
0013A4
0019CC
001FDA
00260E
002BF8
0031B8
003794
003D38
004284
0047EE
004D12
0051F8
0056A0
005B58
005F82
0063B0
006764
006B26
006E5A
00718E
007432
0076D6
0078FE
007AF8
007C96
007DEE
007F14
007F92
008036
008032
008022
007F7C
007EC6
007DAA
007C24
007A96
007872
00762E
0073A0
0070B6
006D90
006A58
006660
0062B4
005E88
005A1C
005588
0050C4
004BC4
004698
004148
003BB8
00362E
00304E
002A70
002494
001E4A
001848
001212
000BC4
000582
1FFF32
1FF8F8
1FF294
1FEC72
1FE642
1FDFF0
1FDA26
1FD400
1FCE30
1FC87A
1FC2CE
1FBD80
1FB7F2
1FB310
1FAE06
1FA93E
1FA4D6
1FA04C
1F9C8E
1F9864
1F94FC
1F9194
1F8E82
1F8BBE
1F8930
1F86FC
1F8516
1F835E
1F8210
1F8108
1F8048
1F7FE8
1F7FA8
1F800C
1F8060
1F8154
1F8248
1F83D4
1F8586
1F8776
1F89D4
1F8C6A
1F8F3C
1F9274
1F95B8
1F998C
1F9D50
1FA178
1FA5FC
1FAA50
1FAF5A
1FB42C
1FB970
1FBEB2
1FC448
1FC9D6
1FCFB0
1FD582
1FDB8E
1FE192
1FE7BE
1FEDF6
1FF448
1FFA6E
0000C4
000720
000D54
00139E
0019D2
001FE0
0025EE
002C18
0031B0
00379A
003D2A
004284
004804
004CF6
005200
0056BA
005B36
005F8C
0063A2
00678A
006B0A
006E58
007196
00743C
0076B8
007918
007AF2
007C86
007E14
007EDC
007FCA
00800C
008058
007FF8
007FA0
007EB4
007DAA
007C30
007A8A
00786C
007646
007386
0070C2
006DA4
006A24
006694
00629E
005E82
005A1E
005592
0050BC
004BC2
0046A2
00413C
003BC2
003622
00305A
002A74
00247C
001E72
00182A
001218
000BBE
00058C
1FFF32
1FF8EA
1FF2A8
1FEC76
1FE624
1FE012
1FDA10
1FD408
1FCE32
1FC878
1FC2CE
1FBD76
1FB80C
1FB2EE
1FAE20
1FA936
1FA4D4
1FA05E
1F9C60
1F989C
1F94D0
1F91AA
1F8E88
1F8B9E
1F895C
1F86D2
1F8536
1F8356
1F81F2
1F813A
1F8026
1F7FE8
1F7FC8
1F7FE8
1F8074
1F812C
1F828C
1F83A2
1F859C
1F876C
1F89D6
1F8C6A
1F8F40
1F9270
1F95BE
1F9984
1F9D54
1FA184
1FA5D6
1FAA7E
1FAF3A
1FB444
1FB964
1FBEAA
1FC458
1FC9E0
1FCF8A
1FD5A8
1FDB7E
1FE18E
1FE7C6
1FEDF8
1FF432
1FFA86
0000C4
00070A
000D6A
001396
0019BE
002000
0025F0
002BEE
0031D0
00379E
003D0A
0042B0
0047DE
004D12
0051EC
0056BC
005B3A
005F96
0063A0
00677A
006B12
006E66
00717A
00744E
0076C2
00790C
007AE8
007C9E
007DF4
007F04
007FA0
00802E
00803A
00801A
007F80
007ECA
007D9C
007C36
007A86
00787A
007634
007390
0070CE
006D7E
006A52
006678
0062A0
005E8C
005A1C
005590
0050BE
004BB8
0046B2
00412C
003BCE
003618
00305E
002A76
00247C
001E5E
001858
0011E6
000BEE
00055C
1FFF54
1FF8E4
1FF29E
1FEC6E
1FE636
1FE00A
1FDA12
1FD40A
1FCE2A
1FC878
1FC2DC
1FBD68
1FB80C
1FB2FA
1FAE1C
1FA930
1FA4DE
1FA04C
1F9C86
1F9868
1F94F0
1F91A2
1F8E84
1F8BB6
1F8938
1F86F6
1F851E
1F8344
1F8234
1F80EC
1F805C
1F7FBC
1F8000
1F7FB0
1F8094
1F8140
1F8252
1F83D2
1F857C
1F8784
1F89CC
1F8C68
1F8F48
1F9264
1F95D4
1F9968
1F9D6C
1FA16E
1FA5EA
1FAA74
1FAF48
1FB422
1FB988
1FBE98
1FC466
1FC9BC
1FCFB8
1FD58A
1FDB8C
1FE180
1FE7E2
1FEDE2
1FF434
1FFA8C
0000C6
00070A
000D74
001374
0019F2
001FCE
00260C
002BEC
0031D6
00377E
003D38
00428E
0047E0
004D24
0051DE
0056D0
005B20
005F94
0063BC
00675C
006B28
006E64
007170
007458
0076C4
0078F8
007B04
007C8E
007DF6
007EFE
007FAC
008022
008058
007FEC
007FA0
007EB6
007DBC
007C22
007A70
0078A8
00760A
0073AA
0070C4
006D7E
006A48
006688
0062A4
005E8C
005A0A
00558E
0050D6
004BB4
00469E
004136
003BCA
003636
003038
002A90
00245C
001E8C
001830
001206
000BC0
000594
1FFF3E
1FF8CC
1FF2BA
1FEC6A
1FE638
1FE002
1FDA14
1FD3FA
1FCE50
1FC850
1FC2F6
1FBD5C
1FB816
1FB2F4
1FAE12
1FA944
1FA4BE
1FA078
1F9C5A
1F987C
1F9508
1F917A
1F8E90
1F8BCA
1F891C
1F8708
1F8510
1F8356
1F8222
1F8100
1F8038
1F8000
1F7FA4
1F7FFC
1F8078
1F8130
1F826C
1F83BC
1F858E
1F877A
1F89D0
1F8C70
1F8F2A
1F9292
1F959A
1F999C
1F9D4C
1FA186
1FA5DE
1FAA6E
1FAF48
1FB43E
1FB95A
1FBEC2
1FC444
1FC9D0
1FCFC8
1FD564
1FDB90
1FE1AE
1FE7A4
1FEE06
1FF42E
1FFA8C
0000B8
000720
000D4E
0013AC
0019BC
001FEA
00260A
002BE0
0031E6
003774
003D36
004298
0047E0
004D14
0051F0
0056BA
005B44
005F80
0063AC
006776
006B20
006E5C
007180
00743C
0076E6
0078E6
007B02
007C94
007DF6
007EF6
007FC0
008016
00803C
008020
007F80
007EC4
007DAA
007C20
007A92
007890
007602
0073C2
0070A0
006DB2
006A20
006694
0062A0
005E82
005A24
005584
0050CC
004BBC
0046A2
00412E
003BDE
00360E
003060
002A6C
00248C
001E5C
001842
001202
000BD6
000574
1FFF44
1FF8EC
1FF290
1FEC86
1FE620
1FE01A
1FDA04
1FD40E
1FCE32
1FC86A
1FC2E8
1FBD60
1FB80E
1FB30A
1FADFA
1FA952
1FA4BE
1FA06E
1F9C6A
1F9874
1F94F0
1F91B4
1F8E58
1F8BDC
1F8928
1F8700
1F8506
1F836E
1F8214
1F80EC
1F8068
1F7FD8
1F7FA4
1F8020
1F8054
1F813C
1F8272
1F83C2
1F857C
1F8780
1F89DC
1F8C60
1F8F3A
1F927C
1F95C0
1F9974
1F9D5C
1FA180
1FA5E4
1FAA7A
1FAF30
1FB446
1FB960
1FBEC2
1FC43E
1FC9E6
1FCF98
1FD58C
1FDB8A
1FE194
1FE7D8
1FEDD4
1FF440
1FFA90
0000B6
000712
000D6C
00138C
0019CA
002000
0025E0
002C06
0031C4
003796
003D1E
0042A4
0047DE
004D10
0051FC
0056A6
005B4A
005F8A
0063A4
00677A
006B1A
006E5E
007184
007432
0076EA
0078F0
007AF8
007C9A
007DEC
007F00
007FB8
008024
008032
008018
007F96
007EBC
007D96
007C48
007A6A
007898
00761C
00739C
0070BE
006DAE
006A14
006694
0062AE
005E7A
005A1C
005594
0050C2
004BC4
00468C
004154
003BB6
003630
003046
002A84
00246C
001E7E
001838
0011F0
000BF0
00056C
1FFF32
1FF908
1FF280
1FEC80
1FE624
1FE02A
1FD9EE
1FD41A
1FCE1E
1FC894
1FC2C6
1FBD64
1FB826
1FB2DC
1FAE1A
1FA956
1FA4A8
1FA07E
1F9C64
1F9878
1F94F4
1F9192
1F8E8A
1F8BB4
1F8950
1F86D6
1F851E
1F835A
1F822C
1F80E8
1F8058
1F7FE0
1F7FBC
1F7FF4
1F8064
1F8154
1F8254
1F83CC
1F857E
1F8788
1F89C0
1F8C7E
1F8F34
1F926E
1F95CE
1F9964
1F9D6E
1FA18A
1FA5C2
1FAA7C
1FAF52
1FB42E
1FB96A
1FBEBC
1FC434
1FC9F2
1FCF9A
1FD596
1FDB78
1FE19C
1FE7C2
1FEDFA
1FF428
1FFA8A
0000C4
000720
000D52
00139C
0019C2
001FF2
002600
002BF4
0031C4
003794
003D26
00429A
0047EA
004CFE
005216
00568A
005B5E
005F88
0063AA
006766
006B2A
006E54
007188
00743E
0076D0
007902
007AFA
007C90
007DF6
007EF0
007FCE
00800E
008040
008016
007F94
007EA6
007DBC
007C30
007A76
00788A
007620
0073AC
0070B0
006DA2
006A2E
00667C
0062C8
005E5A
005A3A
005580
0050C6
004BBC
0046A8
00412C
003BD4
003616
003062
002A78
002478
001E5C
001850
0011FA
000BDE
000570
1FFF42
1FF8E0
1FF2B2
1FEC5A
1FE63C
1FE00E
1FDA12
1FD3FA
1FCE46
1FC864
1FC2DE
1FBD6E
1FB806
1FB316
1FADE0
1FA968
1FA4B6
1FA07A
1F9C56
1F9886
1F94FA
1F9184
1F8E82
1F8BDE
1F8908
1F8710
1F851C
1F8352
1F8212
1F8104
1F8058
1F7FD0
1F7FBC
1F8000
1F8068
1F8146
1F8256
1F83D4
1F857A
1F8778
1F89E6
1F8C56
1F8F4A
1F9270
1F95C4
1F9962
1F9D78
1FA17E
1FA5CE
1FAA8A
1FAF34
1FB434
1FB96E
1FBECC
1FC426
1FC9EE
1FCFA2
1FD588
1FDB7E
1FE1AA
1FE7BA
1FEDFC
1FF428
1FFA7E
0000DC
000708
000D60
001392
0019CE
001FE8
002608
002BDE
0031E6
00377C
003D32
00428C
004804
004CEA
00520A
0056B4
005B34
005F96
0063A6
006778
006B14
006E6A
007178
00744C
0076C0
007918
007AD2
007CBE
007DE6
007EF2
007FB8
00802A
00803A
008012
007F7E
007ED6
007D94
007C42
007A76
007880
007628
0073AA
0070BE
006D80
006A44
00668C
006298
005E90
005A16
005594
0050BE
004BB8
0046AE
004128
003BDC
00361A
003050
002A7A
00248C
001E4E
001848
001202
000BDC
000572
1FFF44
1FF8DC
1FF2BE
1FEC44
1FE650
1FE00A
1FDA0E
1FD400
1FCE3E
1FC86C
1FC2E0
1FBD58
1FB828
1FB2E8
1FAE20
1FA930
1FA4CA
1FA07E
1F9C52
1F9888
1F94E4
1F91B6
1F8E54
1F8BE4
1F8928
1F86FC
1F8504
1F8370
1F8206
1F8114
1F8044
1F7FD4
1F7FD4
1F7FDC
1F807C
1F8146
1F825C
1F83B6
1F859C
1F876E
1F89DE
1F8C60
1F8F44
1F9274
1F95BC
1F9970
1F9D70
1FA170
1FA5EA
1FAA70
1FAF38
1FB446
1FB962
1FBEC2
1FC43A
1FC9E2
1FCFA2
1FD590
1FDB7C
1FE1AA
1FE7AA
1FEE10
1FF41C
1FFA8E
0000C6
000708
000D70
001388
0019D4
001FE6
002602
002BF0
0031C8
003798
003D10
0042BC
0047CE
004D16
0051E4
0056DC
005B1C
005F96
0063B2
006766
006B20
006E64
00717A
007456
0076AE
007910
007AF8
007CA2
007DE0
007F00
007FB8
008026
00802A
00802E
007F80
007EBA
007DA8
007C32
007A8C
007876
007624
0073AA
0070B0
006DAA
006A2E
00667A
0062B4
005E7A
005A2C
005570
0050DC
004BB8
004696
00414E
003BBA
00361A
003060
002A7C
002474
001E62
001846
00120A
000BC4
000586
1FFF38
1FF8EC
1FF29E
1FEC5C
1FE652
1FE006
1FDA00
1FD41C
1FCE1A
1FC88C
1FC2C6
1FBD72
1FB814
1FB2FC
1FAE00
1FA956
1FA4B8
1FA078
1F9C58
1F9886
1F94F0
1F9188
1F8E9A
1F8BB6
1F8936
1F86F4
1F8508
1F837A
1F8202
1F810C
1F8048
1F7FD4
1F7FD0
1F7FE4
1F8088
1F8128
1F8262
1F83D4
1F8576
1F8792
1F89BE
1F8C6E
1F8F44
1F9268
1F95CC
1F9984
1F9D42
1FA18E
1FA5DA
1FAA76
1FAF48
1FB438
1FB95E
1FBEC4
1FC438
1FC9EA
1FCF98
1FD590
1FDB80
1FE1AE
1FE7B6
1FEDEA
1FF438
1FFA8C
0000BA
000722
000D52
0013A0
0019BE
001FF8
0025F8
002BFC
0031B4
0037A0
003D2E
004288
0047FC
004CF0
005208
0056B0
005B44
005F90
00639E
00677E
006B14
006E5C
007190
00742C
0076E4
0078F4
007AF4
007CAA
007DE0
007EFC
007FBC
008026
00802A
008022
007F90
007EB0
007DBA
007C24
007A7E
007886
007636
007388
0070CE
006D86
006A48
006684
006296
005E9A
005A0C
005580
0050E4
004BAC
0046A2
004146
003BAE
003636
003058
002A78
00246C
001E62
00185E
0011F6
000BD4
00056A
1FFF50
1FF8DC
1FF2B6
1FEC58
1FE632
1FE01E
1FDA0E
1FD3F6
1FCE42
1FC86E
1FC2D2
1FBD74
1FB814
1FB2F0
1FAE06
1FA95C
1FA4B2
1FA07C
1F9C46
1F98A0
1F94E0
1F9194
1F8E94
1F8BB4
1F8930
1F86F4
1F852E
1F833A
1F8224
1F8114
1F8034
1F7FE4
1F7FC4
1F7FF0
1F806C
1F8144
1F8266
1F83C2
1F857C
1F878A
1F89D6
1F8C5A
1F8F40
1F927A
1F95BE
1F9982
1F9D40
1FA19E
1FA5D6
1FAA68
1FAF54
1FB42C
1FB968
1FBEC8
1FC438
1FC9D6
1FCFB2
1FD586
1FDB86
1FE19E
1FE7C0
1FEDEC
1FF43E
1FFA80
0000C0
000724
000D52
001394
0019D0
001FF0
0025F0
002C02
0031C4
00378E
003D22
0042A2
0047E6
004D16
0051DE
0056C6
005B3A
005F8E
00639E
00678C
006AF8
006E74
00718C
007436
0076B8
007924
007AEE
007C90
007DF4
007EF6
007FC0
008016
008044
008016
007F80
007EDA
007D7C
007C50
007A7A
00787A
007632
00739C
0070BE
006D90
006A3A
006692
006290
005E92
005A1C
005588
0050C0
004BC4
00469A
00414A
003BC2
003616
003064
002A66
002480
001E7A
00182A
00120E
000BCE
000580
1FFF3A
1FF8E0
1FF2B6
1FEC5C
1FE638
1FE016
1FDA00
1FD418
1FCE1C
1FC88C
1FC2BE
1FBD8E
1FB7E8
1FB31A
1FADFC
1FA94C
1FA4BE
1FA078
1F9C5A
1F9880
1F94F6
1F9184
1F8E9E
1F8BA8
1F8950
1F86C2
1F854E
1F8344
1F8214
1F8108
1F804C
1F7FD8
1F7FCA
1F7FDA
1F8092
1F812A
1F8270
1F83BA
1F8580
1F8788
1F89D6
1F8C5A
1F8F4C
1F9268
1F95C0
1F998C
1F9D48
1FA184
1FA5F0
1FAA5E
1FAF48
1FB43A
1FB968
1FBEC4
1FC430
1FC9F0
1FCF94
1FD592
1FDB88
1FE194
1FE7C8
1FEDF0
1FF43A
1FFA76
0000D0
000712
000D66
001392
0019BE
001FF8
0025FC
002BF4
0031CA
00378C
003D20
0042B2
0047D0
004D04
00520E
0056B0
005B3A
005F8A
0063A4
006782
006B0E
006E66
00717E
00744A
0076C2
007906
007AF4
007C9E
007DEC
007EFA
007FB2
00802E
008022
00803A
007F72
007ECC
007D92
007C44
007A74
007890
007626
00739A
0070BE
006D86
006A56
00667C
006292
005E98
005A12
005594
0050BA
004BC0
0046B0
004128
003BD2
00361C
003052
002A8A
002468
001E6E
001842
0011FC
000BE4
00056A
1FFF3E
1FF8EA
1FF2AC
1FEC68
1FE632
1FE008
1FDA14
1FD404
1FCE34
1FC874
1FC2D8
1FBD6C
1FB814
1FB2E2
1FAE30
1FA930
1FA4C6
1FA078
1F9C4E
1F9894
1F94F0
1F917E
1F8EA0
1F8BAC
1F893C
1F86F8
1F8508
1F8374
1F8202
1F8110
1F8038
1F7FF4
1F7FBA
1F7FEA
1F806A
1F815E
1F823E
1F83E6
1F8568
1F8792
1F89C2
1F8C76
1F8F40
1F9266
1F95C8
1F997C
1F9D52
1FA186
1FA5F0
1FAA52
1FAF58
1FB434
1FB962
1FBECE
1FC42E
1FC9E6
1FCFA0
1FD596
1FDB74
1FE1AC
1FE7B2
1FEE04
1FF428
1FFA86
0000C8
000714
000D64
00138C
0019D0
001FE8
002604
002BF0
0031D2
003780
003D30
0042A0
0047E2
004CFA
005214
0056A4
005B42
005F86
0063B8
00676A
006B0E
006E78
007178
007438
0076D4
00790A
007AE0
007CB2
007DE4
007F02
007FAA
00802A
008042
008012
007F7A
007ECE
007DA8
007C22
007A96
00786E
00763A
00738C
0070CA
006D96
006A22
0066A4
00628E
005E9A
005A0C
005586
0050D2
004BC8
004682
004158
003BB2
003632
003046
002A90
00245C
001E80
001832
001212
000BBC
00058E
1FFF2E
1FF8F2
1FF2AE
1FEC58
1FE636
1FE018
1FDA06
1FD418
1FCE18
1FC888
1FC2CC
1FBD6C
1FB818
1FB2F2
1FAE16
1FA93A
1FA4C8
1FA06E
1F9C5C
1F988A
1F94F2
1F9186
1F8E98
1F8BAC
1F8948
1F86E2
1F8524
1F8354
1F821A
1F810C
1F8040
1F7FE0
1F7FC4
1F7FEC
1F8070
1F814C
1F8258
1F83CE
1F8584
1F8770
1F89DA
1F8C6A
1F8F48
1F925C
1F95DE
1F995E
1F9D6E
1FA17E
1FA5D8
1FAA74
1FAF58
1FB41A
1FB974
1FBECA
1FC432
1FC9DE
1FCFB6
1FD570
1FDB9C
1FE192
1FE7BE
1FEDE8
1FF458
1FFA5E
0000D2
00071C
000D5E
00138A
0019D0
001FFC
0025E4
002C08
0031B4
0037A2
003D1E
00429A
0047F2
004CFC
005200
0056B2
005B36
005F9E
00639C
006782
006B12
006E54
007192
007434
0076DA
00790C
007AD6
007CAC
007DEE
007F04
007FA2
00802A
00804C
00800A
007F8C
007EB0
007DBA
007C2C
007A82
007874
007642
00738C
0070C2
006D8C
006A44
006688
00629A
005E92
005A0A
0055A2
0050B0
004BCA
00469C
004148
003BAA
003636
003054
002A7C
002474
001E60
00185A
0011EE
000BDA
00056C
1FFF5C
1FF8BE
1FF2CE
1FEC5C
1FE626
1FE022
1FD9FC
1FD412
1FCE34
1FC86E
1FC2E8
1FBD58
1FB80C
1FB30A
1FAE12
1FA932
1FA4C8
1FA084
1F9C46
1F988C
1F94FA
1F917C
1F8E9C
1F8BBC
1F8920
1F8714
1F84F8
1F836C
1F8212
1F8104
1F8044
1F7FEC
1F7FB0
1F8004
1F8060
1F813C
1F8274
1F83B8
1F8592
1F8766
1F89F4
1F8C4C
1F8F46
1F926E
1F95D2
1F9976
1F9D3C
1FA1A8
1FA5CA
1FAA7C
1FAF40
1FB438
1FB970
1FBEB4
1FC444
1FC9D2
1FCFC0
1FD576
1FDB80
1FE1B6
1FE7A4
1FEE00
1FF436
1FFA86
0000C2
00070E
000D62
001398
0019D4
001FE2
0025F6
002BFC
0031D6
00377C
003D2E
0042A0
0047E4
004CFE
005208
0056B2
005B3A
005F92
00639C
006786
006B02
006E82
007164
007452
0076BA
00791C
007AE2
007CA4
007DE4
007F10
007FA2
008026
008046
008008
007F92
007EC2
007D94
007C50
007A68
007892
007616
0073AE
0070B8
006D96
006A32
00668C
0062A2
005E82
005A30
00556A
0050DA
004BC2
004690
00414C
003BBC
003622
00305C
002A74
002484
001E50
00184E
001214
000BB6
000582
1FFF48
1FF8E2
1FF29E
1FEC7C
1FE61C
1FE02A
1FD9EC
1FD420
1FCE30
1FC870
1FC2D2
1FBD6E
1FB818
1FB2FE
1FADEC
1FA96C
1FA4B2
1FA078
1F9C42
1F98A8
1F94DC
1F919A
1F8E88
1F8BB2
1F894C
1F86E4
1F850E
1F8368
1F8214
1F8106
1F8054
1F7FDC
1F7FA8
1F8004
1F8074
1F8138
1F8268
1F83C8
1F857A
1F878A
1F89CC
1F8C66
1F8F48
1F9262
1F95D2
1F996E
1F9D62
1FA17E
1FA5E6
1FAA62
1FAF50
1FB438
1FB968
1FBEC2
1FC42C
1FC9E8
1FCFBC
1FD564
1FDBA6
1FE184
1FE7CE
1FEDE8
1FF44A
1FFA74
0000C0
000724
000D54
001392
0019D8
001FE4
0025FA
002BFC
0031C8
00378A
003D2E
004290
0047F6
004CF8
005216
005684
005B66
005F88
00639C
00677E
006B14
006E6E
00716C
00744C
0076D0
00790C
007AD4
007CBC
007DE6
007F02
007FA4
00801E
008060
007FF8
007F8C
007EC6
007DA6
007C2C
007A88
00787C
00762C
00738E
0070E8
006D62
006A5C
006678
006298
005E9A
005A10
005588
0050D2
004BB8
0046A6
00412E
003BCC
00361E
00305A
002A84
00246A
001E60
00185C
0011EC
000BDE
000576
1FFF3E
1FF8F0
1FF28A
1FEC7E
1FE63C
1FE00E
1FD9F4
1FD41E
1FCE2A
1FC87A
1FC2D2
1FBD74
1FB7FC
1FB31C
1FADEC
1FA958
1FA4BA
1FA082
1F9C4E
1F9888
1F94F0
1F9196
1F8E82
1F8BBE
1F893A
1F86FC
1F84F6
1F837E
1F8204
1F8110
1F8034
1F7FF4
1F7FC4
1F7FCC
1F80A0
1F8124
1F8262
1F83CE
1F8578
1F8790
1F89BC
1F8C78
1F8F46
1F9258
1F95CC
1F9988
1F9D40
1FA19A
1FA5DC
1FAA62
1FAF50
1FB438
1FB960
1FBEC8
1FC436
1FC9E0
1FCFAA
1FD594
1FDB6C
1FE1AE
1FE7BE
1FEDE6
1FF450
1FFA70
0000CA
000716
000D56
0013A8
0019AA
00200C
0025FC
002BE6
0031C6
00379C
003D26
004290
0047F0
004D12
0051DC
0056DA
005B1A
005FA2
0063A4
006776
006B12
006E76
00715E
007464
0076B6
007916
007ADE
007CAC
007DE6
007F04
007FAA
00802E
008036
008018
007F8A
007EBA
007DA0
007C48
007A76
007874
007636
0073A0
0070BC
006D9A
006A28
006690
0062A6
005E82
005A20
00558E
0050AA
004BEE
00466C
004166
003BB2
00361C
003062
002A70
002488
001E64
00182A
001230
000BA2
000594
1FFF3E
1FF8E0
1FF2A0
1FEC84
1FE60E
1FE040
1FD9E6
1FD40E
1FCE46
1FC85C
1FC2E8
1FBD70
1FB804
1FB2FA
1FAE0C
1FA948
1FA4C6
1FA06A
1F9C6A
1F9882
1F94DA
1F91A8
1F8E8E
1F8BA6
1F8938
1F8714
1F84FA
1F835A
1F8222
1F8108
1F8042
1F7FD4
1F7FCC
1F7FEC
1F807C
1F8132
1F826A
1F83C0
1F8582
1F8788
1F89D6
1F8C56
1F8F4A
1F9276
1F95B6
1F9984
1F9D56
1FA188
1FA5D4
1FAA7A
1FAF3E
1FB43A
1FB96E
1FBEB6
1FC438
1FC9E6
1FCFB4
1FD56A
1FDBAA
1FE17C
1FE7D4
1FEDEC
1FF436
1FFA84
0000CA
00070C
000D64
00139C
0019BC
001FF0
002606
002BE6
0031D6
003790
003D1C
00429C
0047F4
004CF4
005216
005696
005B42
005FAE
006386
006778
006B28
006E5A
007186
007428
0076F2
0078F0
007AF6
007C86
007E30
007EB4
007FD0
008026
00803A
008008
007F96
007ECA
007D9A
007C28
007A92
007874
00763A
007390
0070B8
006DA6
006A36
006674
0062BA
005E84
005A02
0055B0
0050AC
004BC6
004698
004150
003BB8
00361E
003054
002A88
002468
001E74
00182E
00121C
000BC6
00057A
1FFF3A
1FF8F0
1FF294
1FEC82
1FE61E
1FE022
1FDA00
1FD40C
1FCE2E
1FC874
1FC2DE
1FBD6E
1FB80C
1FB2F2
1FAE18
1FA944
1FA4BE
1FA074
1F9C5E
1F9880
1F94EC
1F91AE
1F8E64
1F8BD2
1F8930
1F86FA
1F8512
1F8364
1F820A
1F8106
1F804E
1F7FE6
1F7FBC
1F7FE0
1F8084
1F8146
1F8248
1F83DC
1F8574
1F8782
1F89E2
1F8C54
1F8F40
1F9278
1F95BA
1F9986
1F9D52
1FA17E
1FA5E2
1FAA7E
1FAF32
1FB444
1FB964
1FBEC4
1FC432
1FC9E6
1FCFAC
1FD582
1FDB8E
1FE190
1FE7C0
1FEE00
1FF42E
1FFA7E
0000C8
00071A
000D60
001380
0019EC
001FC8
002628
002BC6
0031E8
00378E
003D0E
0042B4
0047DE
004D14
0051E2
0056C6
005B3C
005F82
0063B6
006772
006B20
006E4A
007198
007434
0076D8
0078FA
007AF8
007C94
007E06
007ED8
007FD4
008006
00805E
007FFA
007F96
007EBE
007D9C
007C4A
007A68
00788C
007626
00739A
0070D0
006D7E
006A46
006680
0062AE
005E7C
005A1E
005588
0050C6
004BC8
004698
004140
003BC4
003626
00304C
002A72
002494
001E52
001850
0011EA
000BEA
000576
1FFF34
1FF8F4
1FF2AA
1FEC46
1FE65C
1FDFFA
1FDA16
1FD402
1FCE3E
1FC860
1FC2EE
1FBD58
1FB818
1FB2FE
1FAE00
1FA95C
1FA4AE
1FA074
1F9C66
1F987C
1F94F0
1F919A
1F8E88
1F8BA6
1F894A
1F86FA
1F84F6
1F8388
1F81FE
1F8100
1F8044
1F8000
1F7F9C
1F8008
1F8050
1F8174
1F8238
1F83D2
1F8590
1F8760
1F89EE
1F8C66
1F8F3A
1F9268
1F95CE
1F996E
1F9D6C
1FA172
1FA5EE
1FAA64
1FAF48
1FB442
1FB948
1FBEF6
1FC404
1FCA06
1FCF96
1FD58A
1FDB8C
1FE190
1FE7DA
1FEDD2
1FF44A
1FFA80
0000C4
000714
000D58
0013AA
0019AE
00200A
0025EC
002BFE
0031BC
00379C
003D18
0042A6
0047E8
004D04
005202
0056B2
005B2C
005FAC
00638E
006782
006B0C
006E78
007168
007454
0076B8
00791A
007AEC
007C9A
007DF4
007EE6
007FD6
00800E
008036
008026
007F82
007EB4
007DBE
007C28
007A70
00788A
007640
007380
0070CC
006D9C
006A1E
0066A6
006290
005E90
005A0E
00558E
0050D8
004BAE
00469C
00414A
003BBE
003616
003072
002A5C
002494
001E54
00183C
00121E
000BB6
000590
1FFF24
1FF8F8
1FF2AA
1FEC6A
1FE62A
1FE016
1FDA0A
1FD402
1FCE40
1FC866
1FC2E6
1FBD62
1FB810
1FB302
1FADF8
1FA95C
1FA4BA
1FA078
1F9C56
1F988C
1F94E0
1F91A6
1F8E78
1F8BC6
1F8928
1F870E
1F8502
1F836C
1F81F8
1F8128
1F8034
1F7FE8
1F7FBC
1F7FF0
1F807C
1F812C
1F8270
1F83C4
1F857A
1F8786
1F89D8
1F8C5E
1F8F3C
1F927E
1F95B6
1F997E
1F9D52
1FA19A
1FA5C6
1FAA7E
1FAF3E
1FB43C
1FB972
1FBEAA
1FC44A
1FC9D2
1FCFC0
1FD572
1FDB8E
1FE19E
1FE7C0
1FEDF0
1FF43C
1FFA7C
0000C8
000710
000D6E
001378
0019E8
001FDC
002608
002BEA
0031CC
00378C
003D32
004298
0047DC
004D12
0051EC
0056D6
005B1A
005FA6
00638C
006796
006B02
006E6A
00718A
007420
0076F2
0078FC
007AE0
007CB4
007DEA
007EEA
007FC0
008026
00803A
00801A
007F7A
007ECE
007D9A
007C44
007A6E
00788C
007626
0073AE
007090
006DCA
006A1C
00668C
0062A8
005E7C
005A1E
005596
0050BA
004BC4
004692
00415A
003BAC
00362A
003054
002A88
00245E
001E78
00184E
0011E2
000BEE
00057A
1FFF24
1FF8FA
1FF2AA
1FEC5E
1FE646
1FDFEE
1FDA24
1FD3FE
1FCE3C
1FC872
1FC2D0
1FBD70
1FB810
1FB2FE
1FADFE
1FA95A
1FA4B6
1FA072
1F9C5E
1F9894
1F94D0
1F91B8
1F8E72
1F8BC0
1F8934
1F86F4
1F8518
1F836A
1F8200
1F8108
1F8064
1F7FAC
1F7FF0
1F7FE0
1F805C
1F8160
1F825A
1F83AE
1F859C
1F8782
1F89BA
1F8C7E
1F8F3C
1F925E
1F95D0
1F9980
1F9D4C
1FA190
1FA5D0
1FAA7E
1FAF3C
1FB438
1FB970
1FBEBA
1FC42C
1FC9FE
1FCF96
1FD586
1FDB88
1FE1A2
1FE7B6
1FEDFA
1FF440
1FFA6C
0000E2
0006FC
000D66
00139E
0019BE
001FFE
0025F8
002BDE
0031EA
00377C
003D32
004288
0047FC
004CFC
005202
0056B2
005B36
005F92
0063AE
006774
006B18
006E60
007176
007450
0076CC
0078F4
007B16
007C7C
007DF0
007F0C
007FA2
00803A
00801E
008032
007F76
007ED4
007D80
007C60
007A56
0078AE
007600
0073BC
0070AA
006DA8
006A1E
00669C
0062A0
005E7E
005A1C
005594
0050C0
004BC0
004698
004148
003BBE
00361C
003068
002A70
002476
001E64
00184A
001202
000BCC
00058A
1FFF2A
1FF8EE
1FF2B2
1FEC58
1FE636
1FE024
1FD9E8
1FD426
1FCE22
1FC87E
1FC2D0
1FBD72
1FB808
1FB2FE
1FAE04
1FA952
1FA4BE
1FA074
1F9C5A
1F9880
1F94F4
1F9196
1F8E8A
1F8BC2
1F8912
1F871C
1F84FE
1F837A
1F81FC
1F8104
1F8048
1F7FF4
1F7FAC
1F7FF0
1F807C
1F8138
1F8260
1F83CC
1F8588
1F8762
1F89FC
1F8C46
1F8F52
1F9260
1F95E0
1F9956
1F9D76
1FA178
1FA5DA
1FAA72
1FAF4C
1FB432
1FB96E
1FBEBC
1FC436
1FC9F6
1FCF82
1FD5A2
1FDB8A
1FE18E
1FE7BE
1FEDFE
1FF430
1FFA90
0000AE
000722
000D5A
00139E
0019BE
001FF2
002606
002BEE
0031C6
00378C
003D30
00429A
0047DC
004D26
0051D4
0056CC
005B3A
005F84
0063B4
006772
006B10
006E72
00716C
00745C
0076AA
00792C
007AD2
007CB0
007DE8
007EFA
007FB6
00802A
008032
00800E
007FAA
007EA0
007DAE
007C38
007A74
00788E
00762E
00738A
0070C6
006DA2
006A22
006692
0062AA
005E74
005A28
005592
0050B6
004BC6
004696
004158
003BA4
003632
003058
002A6C
002484
001E6C
00183A
0011FC
000BDC
00057E
1FFF28
1FF900
1FF29E
1FEC5C
1FE646
1FE00C
1FD9FE
1FD416
1FCE32
1FC872
1FC2D4
1FBD6C
1FB816
1FB2FC
1FADF6
1FA962
1FA4B2
1FA078
1F9C5A
1F987C
1F9504
1F918E
1F8E7E
1F8BB6
1F893E
1F8704
1F84F4
1F837A
1F8208
1F810C
1F803E
1F7FDA
1F7FE2
1F7FD6
1F806E
1F8152
1F824C
1F83CE
1F8588
1F8782
1F89CE
1F8C5A
1F8F5A
1F9260
1F95C4
1F9980
1F9D4E
1FA190
1FA5D8
1FAA6C
1FAF5C
1FB416
1FB97E
1FBEC2
1FC430
1FC9E0
1FCFA4
1FD59E
1FDB68
1FE1B6
1FE7B0
1FEDFA
1FF432
1FFA84
0000C8
00071A
000D50
00139E
0019C8
001FEE
0025FE
002BF0
0031D6
003774
003D42
00429A
0047CC
004D22
0051F4
0056B0
005B4C
005F76
0063B4
00677C
006B0C
006E68
00717C
007448
0076DA
0078E6
007B02
007CA0
007DE0
007F0A
007FB4
00801A
00804A
007FF4
007FCA
007E7C
007DC8
007C30
007A7E
00788A
00760C
0073BE
0070B4
006D94
006A3C
00667C
0062A6
005E82
005A30
005574
0050D8
004BAA
0046AE
004138
003BC8
003618
003060
002A82
002462
001E7E
001830
001212
000BBE
000596
1FFF2E
1FF8E2
1FF2B2
1FEC6E
1FE614
1FE02E
1FDA0C
1FD3F2
1FCE46
1FC874
1FC2CA
1FBD76
1FB812
1FB2F4
1FAE0C
1FA93E
1FA4D4
1FA066
1F9C5E
1F988A
1F94F0
1F9180
1F8EA2
1F8BAE
1F8938
1F86F0
1F851C
1F836A
1F81F8
1F8120
1F8034
1F7FE8
1F7FC0
1F7FF4
1F8060
1F8158
1F8254
1F83C4
1F858E
1F8772
1F89E4
1F8C5C
1F8F3E
1F9270
1F95D0
1F996E
1F9D62
1FA186
1FA5CA
1FAA86
1FAF34
1FB44E
1FB958
1FBEBC
1FC446
1FC9E2
1FCF9C
1FD592
1FDB7E
1FE19E
1FE7C4
1FEDF0
1FF43A
1FFA7E
0000C6
000712
000D62
0013A0
0019B2
001FFC
002602
002BE6
0031D2
003798
003D16
004294
0047FC
004D00
0051F6
0056C0
005B30
005F9C
006398
006780
006B10
006E6C
00717A
007444
0076D0
0078EC
007B1E
007C80
007DEA
007F0C
007FA6
008036
00802C
00801A
007F90
007EB6
007DA8
007C40
007A6A
007892
007620
0073A8
0070A6
006DB6
006A0E
0066BC
00627A
005E96
005A04
0055BC
005092
004BE4
004690
004138
003BD0
003610
00306A
002A78
002466
001E7A
00182E
00121E
000BBC
000588
1FFF32
1FF8F4
1FF28E
1FEC92
1FE60C
1FE028
1FD9FC
1FD40A
1FCE3E
1FC86C
1FC2DE
1FBD60
1FB826
1FB2DC
1FAE1C
1FA93C
1FA4EC
1FA03A
1F9C80
1F986E
1F94F8
1F91A4
1F8E6E
1F8BCC
1F8926
1F8710
1F84F0
1F8386
1F81F6
1F8118
1F803C
1F7FE8
1F7FC4
1F7FD4
1F8090
1F8142
1F8248
1F83DA
1F8588
1F876A
1F89DA
1F8C72
1F8F30
1F9270
1F95D0
1F9978
1F9D54
1FA182
1FA5E6
1FAA60
1FAF56
1FB432
1FB966
1FBEBA
1FC440
1FC9E6
1FCF9E
1FD58A
1FDB82
1FE1AA
1FE7BA
1FEDE2
1FF450
1FFA66
0000E8
0006F4
000D76
00138A
0019D0
001FE6
00260C
002BDC
0031E0
003782
003D2A
004294
0047F4
004D00
0051FE
0056B0
005B44
005F88
0063A8
00677E
006B06
006E6E
007194
007420
0076D6
007912
007AE0
007C9E
007E00
007EEA
007FC2
008008
008068
007FEC
007F90
007EE8
007D6A
007C60
007A74
007872
007642
007380
0070CA
006DA2
006A2A
006688
0062A6
005E8E
0059FE
0055B4
0050A2
004BCC
00469E
004142
003BC4
00361E
00305A
002A72
00248C
001E50
001840
001226
000BA4
000594
1FFF34
1FF8FC
1FF28A
1FEC76
1FE634
1FE00E
1FDA0C
1FD40A
1FCE36
1FC866
1FC2E6
1FBD6C
1FB804
1FB30C
1FADF4
1FA954
1FA4BE
1FA084
1F9C44
1F988E
1F94F2
1F9194
1F8E8A
1F8BAE
1F893E
1F8704
1F84F6
1F8374
1F821A
1F80EA
1F8066
1F7FD2
1F7FBA
1F8002
1F8056
1F8164
1F8248
1F83CE
1F857C
1F8788
1F89DA
1F8C4C
1F8F6A
1F923E
1F95E4
1F996E
1F9D6A
1FA16A
1FA5E0
1FAA96
1FAF0E
1FB466
1FB94E
1FBEBC
1FC454
1FC9CC
1FCFA8
1FD59E
1FDB6E
1FE1A4
1FE7BC
1FEE04
1FF424
1FFA8E
0000BC
00071A
000D60
001396
0019C0
002008
0025E6
002BEE
0031D6
00379A
003D16
0042A0
0047EA
004D00
005202
0056B8
005B30
005FA0
006390
00678A
006B16
006E5A
007186
007442
0076CA
0078F6
007B16
007C88
007DE2
007F14
007FA2
00802E
00803E
008002
007FA6
007EB0
007D9E
007C40
007A74
007896
00760E
0073B4
0070B6
006D96
006A26
0066A0
0062A2
005E6E
005A3A
005574
0050D4
004BA6
0046BC
004138
003BC0
00361E
003050
002A98
002452
001E80
001844
0011F4
000BD8
000582
1FFF38
1FF8D4
1FF2D4
1FEC44
1FE642
1FE00E
1FDA06
1FD414
1FCE30
1FC862
1FC2FC
1FBD42
1FB82E
1FB2F0
1FAE12
1FA936
1FA4D4
1FA066
1F9C64
1F988A
1F94DA
1F91A8
1F8E78
1F8BCC
1F8924
1F870E
1F84F2
1F837A
1F8210
1F8100
1F8044
1F7FE4
1F7FC0
1F7FF8
1F8068
1F8146
1F8256
1F83D0
1F857A
1F87A0
1F89A2
1F8C84
1F8F48
1F925C
1F95B8
1F999A
1F9D4C
1FA180
1FA5F0
1FAA4C
1FAF66
1FB424
1FB978
1FBEBC
1FC434
1FC9E0
1FCFB4
1FD576
1FDB8E
1FE1A8
1FE7AA
1FEE02
1FF43E
1FFA6C
0000D8
000716
000D44
0013AE
0019BE
001FFE
0025E8
002C02
0031C0
00379E
003D0A
0042BC
0047DA
004CFC
00520A
0056A4
005B52
005F76
0063C8
006756
006B20
006E70
007178
007438
0076EC
0078DA
007B0C
007CA6
007DD8
007F04
007FB8
008024
008034
00800E
007FAA
007EA0
007DAE
007C38
007A6E
0078A0
007620
007388
0070C8
006DA4
006A28
006688
0062B4
005E72
005A1A
0055AC
00509E
004BD8
004684
00416C
003B94
00363E
003054
002A68
002490
001E5A
001834
00121A
000BD8
000560
1FFF4A
1FF8E8
1FF2A4
1FEC70
1FE62A
1FE016
1FDA10
1FD3F8
1FCE46
1FC868
1FC2DA
1FBD6E
1FB814
1FB2FA
1FADF6
1FA962
1FA4B4
1FA076
1F9C5E
1F9878
1F9508
1F917E
1F8E90
1F8BB6
1F8934
1F8704
1F850A
1F8350
1F823C
1F80EA
1F8044
1F8000
1F7F90
1F8008
1F807C
1F813C
1F8258
1F83D0
1F857A
1F8782
1F89C8
1F8C88
1F8F16
1F9284
1F95CC
1F996E
1F9D66
1FA176
1FA5DE
1FAA7E
1FAF3C
1FB438
1FB962
1FBECA
1FC430
1FC9EE
1FCF98
1FD596
1FDB7A
1FE19E
1FE7C4
1FEDEC
1FF444
1FFA70
0000D0
000720
000D4E
001390
0019D0
002002
0025DE
002C04
0031CE
003780
003D32
004298
0047E4
004D12
0051F0
0056AA
005B5A
005F7A
0063A8
00677E
006B12
006E62
007182
007444
0076C6
007904
007B00
007C94
007DE0
007F18
007F9E
008030
00802E
00802E
007F6E
007ED6
007D96
007C34
007A92
007870
00762A
0073AE
0070AC
006D9A
006A34
00668C
0062B0
005E6E
005A28
005588
0050C0
004BC4
0046A0
004140
003BBE
00361C
003064
002A70
00248A
001E50
001844
001214
000BC0
00058C
1FFF2A
1FF8FA
1FF294
1FEC76
1FE62C
1FE01E
1FDA08
1FD3F6
1FCE42
1FC87A
1FC2C8
1FBD76
1FB80E
1FB2F8
1FAE08
1FA950
1FA4C2
1FA070
1F9C50
1F988E
1F9502
1F9172
1F8EA0
1F8BB0
1F893C
1F86F4
1F8502
1F838A
1F81F4
1F80FC
1F8074
1F7FBC
1F7FC2
1F7FF2
1F808A
1F8130
1F8248
1F83EA
1F8578
1F8774
1F89DC
1F8C64
1F8F46
1F9264
1F95D8
1F9966
1F9D5C
1FA190
1FA5C2
1FAA94
1FAF30
1FB43A
1FB96E
1FBEBA
1FC43C
1FC9DA
1FCFBA
1FD578
1FDB8A
1FE19A
1FE7C2
1FEDF8
1FF42A
1FFA8C
0000C2
000716
000D64
00138C
0019C8
001FFC
0025E4
002C14
0031B0
003796
003D2E
004294
0047E8
004D10
0051E8
0056C2
005B3E
005F8A
0063A6
00677C
006B12
006E62
007178
007468
00769C
007926
007AE0
007CAA
007DE0
007F08
007FB4
00801A
008048
008010
007F82
007EC6
007DB6
007C24
007A74
00789C
00761C
0073A6
0070A4
006DB2
006A28
00668C
0062A8
005E76
005A2C
00558C
0050B4
004BD6
004684
004156
003BB6
00362E
003050
002A76
002476
001E7A
001824
001226
000BB8
000586
1FFF30
1FF8FA
1FF2A4
1FEC5E
1FE636
1FE01A
1FD9FA
1FD41C
1FCE2C
1FC872
1FC2DA
1FBD64
1FB80C
1FB318
1FADF4
1FA940
1FA4CA
1FA07A
1F9C56
1F9884
1F94EC
1F9198
1F8E88
1F8BB4
1F8948
1F86EC
1F8502
1F8382
1F81F4
1F8114
1F804C
1F7FE0
1F7FA0
1F801C
1F8058
1F814C
1F8258
1F83C4
1F8592
1F877A
1F89CC
1F8C58
1F8F6E
1F9246
1F95C2
1F99A0
1F9D34
1FA192
1FA5DA
1FAA76
1FAF46
1FB438
1FB960
1FBEBA
1FC456
1FC9C4
1FCFB4
1FD586
1FDB82
1FE1A4
1FE7BA
1FEDF0
1FF43C
1FFA7A
0000D6
000708
000D64
00139A
0019B4
002008
0025E2
002C14
0031A8
0037A4
003D1C
0042A2
0047E0
004D10
0051F2
0056C4
005B30
005F8C
0063AC
00677E
006B02
006E72
007180
007434
0076E0
007902
007AE4
007CB6
007DCA
007F14
007FBC
008010
008046
00801A
007F82
007EBC
007DBA
007C18
007A8C
007882
00762C
007392
0070C8
006D98
006A26
0066A0
006294
005E86
005A22
005582
0050C8
004BC8
004690
00414C
003BB0
003644
00303A
002A82
002482
001E56
00184C
001202
000BCE
000584
1FFF36
1FF8EC
1FF298
1FEC86
1FE60C
1FE03E
1FD9EA
1FD416
1FCE2A
1FC874
1FC2EA
1FBD52
1FB826
1FB2F0
1FAE00
1FA95A
1FA4B8
1FA076
1F9C5A
1F988E
1F94D6
1F91B0
1F8E7A
1F8BBE
1F8938
1F86F8
1F84FC
1F8386
1F8202
1F80FC
1F8054
1F7FDC
1F7FA8
1F8028
1F8040
1F8150
1F826C
1F83AA
1F8598
1F877E
1F89D0
1F8C6A
1F8F38
1F926C
1F95D4
1F996E
1F9D5A
1FA188
1FA5D0
1FAA8E
1FAF2E
1FB448
1FB94A
1FBED4
1FC43E
1FC9D6
1FCFB0
1FD582
1FDB7E
1FE1B4
1FE7A8
1FEE00
1FF426
1FFA9E
0000A8
00072E
000D50
00138C
0019DE
001FDE
002616
002BD0
0031E0
003796
003D0E
0042B4
0047DA
004D08
005202
0056AC
005B42
005F96
006390
00678E
006B04
006E78
00716C
007454
0076BC
007912
007AE8
007CA6
007DE4
007F02
007FB2
00802A
00803A
008012
007F82
007ECC
007D9E
007C38
007A7C
007886
007628
00739C
0070C0
006D98
006A2E
006696
006288
005E98
005A22
005582
0050C0
004BD0
004692
004142
003BC6
00361C
00305A
002A7E
00246A
001E7A
001834
001216
000BAE
0005A4
1FFF22
1FF8F0
1FF2AA
1FEC6A
1FE620
1FE026
1FDA04
1FD406
1FCE3E
1FC86A
1FC2D8
1FBD66
1FB81A
1FB2FC
1FADFC
1FA954
1FA4B6
1FA082
1F9C4E
1F9890
1F94DE
1F91B2
1F8E70
1F8BC6
1F8928
1F8700
1F8510
1F836A
1F8200
1F8118
1F803C
1F7FE0
1F7FC8
1F7FEC
1F8070
1F8142
1F827A
1F8390
1F85A6
1F8780
1F89C2
1F8C6E
1F8F40
1F9278
1F95C4
1F996C
1F9D5C
1FA186
1FA5E2
1FAA70
1FAF46
1FB42E
1FB96E
1FBEC6
1FC430
1FC9DE
1FCFBE
1FD56A
1FDB96
1FE19C
1FE7BC
1FEDFC
1FF420
1FFA9E
0000B4
000718
000D6A
001384
0019CC
001FF6
0025FA
002BF8
0031C2
00379C
003D10
0042B2
0047E2
004CF8
005214
00569A
005B54
005F82
0063A4
006782
006B04
006E7C
007168
007454
0076C6
00790A
007AE6
007CA0
007DF6
007EEA
007FD0
00800E
008046
00800E
007F94
007EBE
007D96
007C46
007A78
007886
007620
0073A8
0070B8
006D94
006A3E
006688
006298
005E8A
005A1C
00559C
0050AC
004BD4
004688
004150
003BC2
00360C
003078
002A68
002482
001E54
001854
001200
000BD0
00057A
1FFF40
1FF8D8
1FF2C0
1FEC56
1FE63A
1FE018
1FDA00
1FD414
1FCE2A
1FC872
1FC2E2
1FBD60
1FB818
1FB2FC
1FAE00
1FA94C
1FA4CA
1FA072
1F9C4E
1F9890
1F94F8
1F917C
1F8E94
1F8BC0
1F8940
1F86DC
1F851E
1F8366
1F8210
1F810C
1F8038
1F8000
1F7F88
1F8028
1F8054
1F814C
1F825E
1F83C2
1F8584
1F878C
1F89B8
1F8C82
1F8F38
1F926E
1F95BA
1F9986
1F9D56
1FA182
1FA5DA
1FAA7C
1FAF36
1FB44A
1FB95A
1FBEC6
1FC430
1FC9F2
1FCF94
1FD59C
1FDB70
1FE1B4
1FE7AC
1FEDFA
1FF43A
1FFA7C
0000C4
000724
000D50
00138E
0019DC
001FE4
0025FA
002C04
0031B8
003794
003D2C
004296
0047F0
004CF6
00520E
0056A8
005B3A
005F9E
0063A2
006768
006B26
006E62
007178
007444
0076D0
007902
007AF0
007CA6
007DEC
007EE8
007FCC
008016
00804A
008006
007F90
007EC0
007DA6
007C2C
007A90
00786C
007636
0073AE
007094
006DC2
006A16
006694
0062B4
005E6A
005A30
00557C
0050D2
004BBC
004692
004142
003BD2
00361A
00305C
002A6A
002484
001E68
00183C
001210
000BB8
00059E
1FFF14
1FF90A
1FF29E
1FEC52
1FE654
1FE000
1FDA08
1FD416
1FCE2A
1FC878
1FC2C8
1FBD86
1FB806
1FB2F2
1FAE12
1FA940
1FA4CA
1FA06A
1F9C66
1F9888
1F94DC
1F91A0
1F8E8E
1F8BB0
1F8938
1F86FC
1F8512
1F8360
1F820E
1F810A
1F8040
1F7FF8
1F7F98
1F8014
1F805C
1F814C
1F8264
1F83B4
1F858E
1F8786
1F89D2
1F8C48
1F8F72
1F924E
1F95C0
1F9994
1F9D48
1FA188
1FA5DC
1FAA70
1FAF40
1FB446
1FB966
1FBEB2
1FC44A
1FC9D0
1FCFBE
1FD56C
1FDB9E
1FE18E
1FE7CC
1FEDE0
1FF452
1FFA66
0000D0
00071E
000D5C
001384
0019DA
001FEA
0025FC
002BF2
0031CC
00379A
003D08
0042BE
0047D0
004D14
0051F2
0056BC
005B40
005F82
0063AC
00677E
006B12
006E60
007180
007442
0076D8
0078E8
007B20
007C66
007E2E
007EBC
007FE0
008006
008058
008006
007F88
007EBE
007DAC
007C36
007A74
007894
00760E
0073AC
0070C4
006D86
006A4A
006674
0062B8
005E6A
005A3C
00556C
0050D8
004BB4
0046AA
00413E
003BB4
00362A
003060
002A74
002472
001E68
001852
0011F0
000BDE
000570
1FFF50
1FF8CC
1FF2BE
1FEC4E
1FE658
1FDFF0
1FDA26
1FD3EE
1FCE3C
1FC87E
1FC2D4
1FBD5A
1FB830
1FB2DC
1FAE1E
1FA93C
1FA4CE
1FA070
1F9C48
1F98A8
1F94C8
1F91B6
1F8E72
1F8BCA
1F8920
1F870E
1F8502
1F8370
1F8202
1F810E
1F804E
1F7FD6
1F7FC4
1F7FEC
1F8074
1F8150
1F8244
1F83D2
1F8590
1F876C
1F89E2
1F8C56
1F8F4C
1F9264
1F95E0
1F995C
1F9D54
1FA1A0
1FA5D0
1FAA70
1FAF34
1FB45E
1FB94C
1FBEBA
1FC452
1FC9D4
1FCFAC
1FD57A
1FDB9A
1FE18E
1FE7BA
1FEE0E
1FF41E
1FFA80
0000E0
0006F2
000D84
001374
0019E2
001FE0
002604
002BE0
0031F2
00376E
003D2A
0042A0
0047FA
004CEA
00520E
0056A6
005B4A
005F8A
0063A8
006772
006B0E
006E7E
007164
00745A
0076B6
007910
007AF0
007C9E
007DEA
007F02
007FBE
007FFE
00806A
007FF8
007F96
007EB8
007DA4
007C40
007A7A
007876
007636
007394
0070C0
006D9E
006A2C
00668C
0062AC
005E74
005A20
005596
0050B8
004BC6
00469C
004142
003BC0
003628
00304E
002A74
002484
001E60
00184A
001202
000BCC
00057E
1FFF3A
1FF8EA
1FF2A6
1FEC68
1FE63A
1FE00C
1FDA08
1FD40E
1FCE2E
1FC878
1FC2E4
1FBD44
1FB834
1FB2EE
1FAE06
1FA94E
1FA4CC
1FA058
1F9C74
1F987E
1F94EA
1F919A
1F8E76
1F8BCE
1F8932
1F86F2
1F8512
1F836E
1F81FC
1F8118
1F804C
1F7FD0
1F7FC4
1F7FF0
1F8080
1F813E
1F8246
1F83E4
1F857A
1F8774
1F89EA
1F8C5C
1F8F3C
1F926A
1F95D2
1F9978
1F9D4A
1FA198
1FA5D0
1FAA7A
1FAF2E
1FB458
1FB95C
1FBEAE
1FC450
1FC9E2
1FCF94
1FD59A
1FDB7A
1FE19A
1FE7CE
1FEDE2
1FF450
1FFA62
0000D6
000714
000D5A
00139A
0019D0
001FE8
0025F0
002C0A
0031BC
003798
003D1C
0042AC
0047CE
004D22
0051EA
0056B6
005B4A
005F72
0063C8
006766
006B0E
006E78
007172
00743C
0076E2
0078E2
007B10
007C94
007DF2
007EEE
007FBC
008022
008042
008016
007F82
007EC8
007D92
007C5A
007A5A
007896
007626
00739A
0070C0
006D94
006A3A
006680
0062AE
005E7A
005A26
00558C
0050BE
004BC0
00469C
00414A
003BBA
003620
003062
002A6A
00247C
001E7A
00182A
001210
000BCA
000586
1FFF32
1FF8EE
1FF2AA
1FEC62
1FE628
1FE032
1FD9EA
1FD424
1FCE12
1FC890
1FC2CE
1FBD64
1FB820
1FB2EE
1FAE00
1FA958
1FA4C2
1FA070
1F9C4E
1F98A2
1F94D2
1F91AC
1F8E72
1F8BD6
1F8920
1F86F0
1F8530
1F8346
1F8226
1F80F8
1F804C
1F7FD8
1F7FD0
1F7FE4
1F8078
1F8142
1F8256
1F83D8
1F8572
1F8788
1F89CE
1F8C6A
1F8F40
1F9266
1F95D6
1F996A
1F9D5A
1FA19A
1FA5BA
1FAA92
1FAF2C
1FB448
1FB960
1FBEC8
1FC436
1FC9D4
1FCFBC
1FD576
1FDB92
1FE192
1FE7C2
1FEE08
1FF416
1FFA92
0000CC
000706
000D70
00137E
0019E0
001FDE
002608
002BE8
0031DC
00377A
003D2A
0042A8
0047DC
004D10
0051F6
0056B0
005B48
005F8C
006398
006792
006AFC
006E78
007172
007448
0076C0
00791C
007AE2
007CA6
007DD8
007F1A
007FA0
008032
00802E
00801A
007F90
007EB0
007DBE
007C1C
007A8C
00787C
00762E
00739E
0070B6
006DA2
006A26
006698
006296
005E90
005A0C
0055A0
0050BA
004BB8
0046B6
004124
003BD4
003618
003052
002A86
002476
001E66
001838
001224
000B9A
0005AE
1FFF20
1FF8EC
1FF2B8
1FEC54
1FE63E
1FE012
1FDA08
1FD3FA
1FCE50
1FC862
1FC2D8
1FBD70
1FB80C
1FB300
1FAE02
1FA95A
1FA4A6
1FA080
1F9C68
1F9872
1F94FA
1F918C
1F8E96
1F8BB6
1F892E
1F86F8
1F8512
1F8360
1F822A
1F80E6
1F8052
1F7FE4
1F7FBE
1F7FEA
1F8076
1F8146
1F8254
1F83D6
1F8578
1F8780
1F89DA
1F8C5C
1F8F5C
1F9232
1F9608
1F994A
1F9D70
1FA18E
1FA5BC
1FAA92
1FAF2E
1FB43C
1FB97A
1FBEA8
1FC43C
1FC9F8
1FCF90
1FD58C
1FDB9A
1FE180
1FE7C8
1FEDF4
1FF44E
1FFA5A
0000E6
00070C
000D52
001398
0019D8
001FDC
00260E
002BEA
0031CE
003786
003D38
004286
0047F4
004D00
00520E
00569E
005B4A
005F90
006394
006790
006B02
006E7C
007166
007458
0076BA
0078FE
007B0C
007C8C
007DF0
007F06
007FA8
008026
00803E
008016
007F8C
007EBC
007DA6
007C30
007A80
007880
007638
00738C
0070B6
006DB8
006A1E
00667E
0062C2
005E62
005A32
005590
0050B6
004BC6
0046A0
004136
003BCE
003628
00304A
002A6A
00249A
001E50
00184E
001200
000BCC
000580
1FFF3E
1FF8E2
1FF2B0
1FEC66
1FE628
1FE016
1FDA16
1FD3F8
1FCE44
1FC86C
1FC2D4
1FBD74
1FB808
1FB304
1FAE02
1FA93E
1FA4DC
1FA060
1F9C6C
1F986E
1F9506
1F9182
1F8E96
1F8BAA
1F894E
1F86EA
1F850A
1F8376
1F8210
1F80E4
1F8060
1F7FF0
1F7FAC
1F7FE8
1F8088
1F8140
1F8248
1F83DA
1F8580
1F8780
1F89CE
1F8C68
1F8F46
1F9260
1F95DA
1F9966
1F9D5E
1FA18C
1FA5D2
1FAA78
1FAF40
1FB43E
1FB95C
1FBEC4
1FC44A
1FC9D6
1FCFA0
1FD590
1FDB88
1FE18E
1FE7C8
1FEDFC
1FF42E
1FFA82
0000CA
000718
000D3E
0013BC
0019BC
001FEA
0025FE
002BFC
0031CA
00377C
003D3C
004288
004804
004CEC
005202
0056B6
005B3E
005F8C
0063C4
006744
006B30
006E66
007174
00744A
0076D6
0078EE
007B10
007C78
007E16
007ECC
007FE2
008008
008056
007FF2
007F9C
007ECC
007D96
007C34
007A84
00787C
007632
00739A
0070B6
006D9E
006A36
006690
00628E
005E84
005A40
005568
0050CE
004BD4
004682
004142
003BD6
00360A
003076
002A56
002492
001E5C
001844
001214
000BA8
0005A6
1FFF28
1FF8EC
1FF2A2
1FEC6C
1FE642
1FE004
1FD9F6
1FD436
1FCE02
1FC89C
1FC2C2
1FBD72
1FB80C
1FB302
1FAE02
1FA946
1FA4CE
1FA06A
1F9C5E
1F988C
1F94E8
1F918E
1F8E9C
1F8BA4
1F8940
1F8706
1F84FC
1F8364
1F8222
1F80F2
1F8060
1F7FC4
1F7FD0
1F7FF4
1F8066
1F815C
1F8226
1F83F4
1F8588
1F8764
1F89DC
1F8C74
1F8F32
1F9274
1F95C0
1F997E
1F9D50
1FA18C
1FA5E2
1FAA70
1FAF3A
1FB446
1FB962
1FBEBE
1FC43A
1FC9D6
1FCFBE
1FD57C
1FDB88
1FE192
1FE7CA
1FEDFA
1FF424
1FFA90
0000C0
00071A
000D54
00139E
0019CC
001FE4
002604
002BF6
0031CE
003780
003D32
004294
0047F6
004CFA
0051FA
0056C0
005B3A
005F8A
0063A8
006772
006B24
006E4A
0071A8
00741C
0076E2
0078F4
007AFE
007CA4
007DD8
007F12
007FAA
00801E
00804E
007FFA
007FA2
007EB4
007DAE
007C2C
007A74
007896
007620
00739C
0070C2
006D9C
006A2A
00668E
0062AA
005E72
005A36
00557A
0050C8
004BC2
00469E
00413A
003BCE
00361C
003058
002A74
002480
001E60
00184E
001204
000BB8
000592
1FFF3E
1FF8DC
1FF2B2
1FEC5A
1FE640
1FE00A
1FDA0C
1FD40E
1FCE2E
1FC878
1FC2D6
1FBD62
1FB822
1FB2F4
1FADF4
1FA972
1FA4A0
1FA07E
1F9C5A
1F9890
1F94DC
1F91A2
1F8E78
1F8BD6
1F8918
1F870C
1F8504
1F836E
1F820E
1F80F8
1F8054
1F7FE4
1F7FB0
1F8008
1F8060
1F8144
1F8264
1F83B6
1F8598
1F877A
1F89C0
1F8C8E
1F8F16
1F9288
1F95C4
1F9966
1F9D74
1FA164
1FA5F8
1FAA76
1FAF32
1FB43C
1FB966
1FBEC6
1FC438
1FC9E8
1FCFA0
1FD58A
1FDB84
1FE19C
1FE7C8
1FEDE4
1FF44A
1FFA72
0000CC
000722
000D3E
0013B2
0019C6
001FDC
00260C
002BF0
0031CE
00378C
003D1E
0042A0
0047FA
004CE6
005218
005696
005B62
005F64
0063D2
00675C
006B0E
006E84
007166
00744A
0076CE
0078F6
007B0C
007C8A
007DE4
007F1E
007F98
008028
00804A
008002
007F98
007EB8
007DB0
007C1E
007A96
007878
007624
0073A6
0070BC
006D92
006A34
006690
0062A0
005E76
005A34
00558C
0050B4
004BC2
0046A0
004146
003BBC
003618
00306E
002A6C
00247E
001E5E
001848
001206
000BC8
000590
1FFF16
1FF90A
1FF29A
1FEC5E
1FE650
1FDFF6
1FDA12
1FD408
1FCE44
1FC862
1FC2D6
1FBD70
1FB812
1FB304
1FADEC
1FA96C
1FA4B8
1FA05A
1F9C80
1F987A
1F94D8
1F91AC
1F8E8A
1F8BB4
1F892E
1F86FC
1F851C
1F834E
1F8234
1F80D6
1F806E
1F7FCE
1F7FC4
1F7FE4
1F8090
1F812E
1F8256
1F83D4
1F857E
1F877C
1F89DE
1F8C5E
1F8F40
1F9270
1F95C6
1F997A
1F9D56
1FA18A
1FA5D4
1FAA84
1FAF34
1FB436
1FB974
1FBEC0
1FC432
1FC9E2
1FCFAC
1FD58A
1FDB82
1FE19C
1FE7BC
1FEDF8
1FF446
1FFA66
0000D4
000712
000D68
001388
0019C6
002002
0025F0
002BF2
0031D0
00378A
003D34
004280
004802
004D02
0051EC
0056BC
005B4A
005F7A
0063AC
00678A
006AFE
006E7A
007166
00744E
0076CE
00790A
007AE4
007CA6
007DF0
007EEE
007FC4
00801E
008042
007FFA
007FAC
007EB2
007D9C
007C46
007A72
007880
00763C
00737A
0070EC
006D76
006A3C
006688
0062A4
005E8A
005A10
00559C
0050C0
004BB2
0046AE
00413A
003BC6
003622
003052
002A7E
002472
001E7A
00182E
00120C
000BCC
00058E
1FFF22
1FF8F4
1FF2B0
1FEC5A
1FE636
1FE01E
1FD9FA
1FD408
1FCE48
1FC856
1FC302
1FBD32
1FB84A
1FB2CE
1FAE1E
1FA944
1FA4C6
1FA072
1F9C56
1F9888
1F94F4
1F9196
1F8E80
1F8BC8
1F8928
1F86FC
1F850C
1F836C
1F820E
1F8108
1F8040
1F7FF0
1F7FAC
1F7FF8
1F8074
1F8138
1F8278
1F83AA
1F8598
1F8770
1F89D6
1F8C7E
1F8F24
1F926C
1F95DA
1F9966
1F9D6A
1FA16E
1FA5F8
1FAA60
1FAF4C
1FB426
1FB98E
1FBE94
1FC450
1FC9E4
1FCF9E
1FD58C
1FDB88
1FE192
1FE7D2
1FEDDE
1FF450
1FFA5E
0000E4
000714
000D44
0013A8
0019D6
001FDE
0025F4
002C02
0031CC
003788
003D28
004290
004806
004CF8
0051DC
0056DE
005B28
005F96
0063A6
006770
006B24
006E4E
00719C
00742A
0076CC
007928
007AC8
007CA8
007DF8
007EFA
007FAE
00802E
00802E
008020
007F80
007ED4
007D76
007C66
007A70
00787A
00762C
0073A6
0070BA
006D8C
006A4E
00666E
0062BA
005E72
005A24
005598
0050AC
004BD0
004698
004146
003BB6
00363C
00303E
002A74
002490
001E58
001842
00120A
000BCE
000578
1FFF46
1FF8E8
1FF28C
1FEC92
1FE610
1FE026
1FDA06
1FD406
1FCE3A
1FC868
1FC2DA
1FBD70
1FB810
1FB2FE
1FAE08
1FA930
1FA4F0
1FA04A
1F9C78
1F9872
1F94FA
1F918A
1F8E8E
1F8BB6
1F8940
1F86EC
1F8522
1F8342
1F8234
1F80F8
1F8044
1F7FE4
1F7FC8
1F7FD4
1F8098
1F8128
1F826A
1F83C6
1F8570
1F87A2
1F89BE
1F8C5E
1F8F58
1F9266
1F95BC
1F997C
1F9D5A
1FA192
1FA5CA
1FAA74
1FAF58
1FB41C
1FB980
1FBEB4
1FC442
1FC9C6
1FCFC4
1FD57C
1FDB94
1FE190
1FE7B6
1FEDFE
1FF436
1FFA90
0000B0
000722
000D52
0013A0
0019CE
001FDE
002604
002BF6
0031D6
003776
003D32
00429A
0047EC
004D08
0051EA
0056CE
005B28
005FA4
00638A
00678C
006B16
006E5A
007186
00743A
0076D6
0078FE
007AF8
007C92
007E06
007ED4
007FD6
008016
008042
00800E
007F9C
007EA4
007DB4
007C3A
007A7C
00786A
007650
00738C
0070B4
006DA6
006A26
0066A0
00628C
005E86
005A30
005578
0050D0
004BBC
00469E
004132
003BDE
003610
00305A
002A84
00245E
001E7A
001842
00120A
000BB8
000594
1FFF38
1FF8DA
1FF2AE
1FEC6A
1FE642
1FDFFA
1FDA14
1FD402
1FCE42
1FC864
1FC2DE
1FBD6A
1FB816
1FB2F4
1FADFE
1FA95C
1FA4C2
1FA05C
1F9C6E
1F9888
1F94E0
1F91A2
1F8E80
1F8BC0
1F8932
1F86FE
1F84FE
1F8372
1F821A
1F80F8
1F8040
1F7FFA
1F7FA6
1F8002
1F8066
1F815E
1F8224
1F83FE
1F8578
1F8764
1F89FC
1F8C48
1F8F56
1F9254
1F95DE
1F9968
1F9D62
1FA18A
1FA5C4
1FAA92
1FAF2C
1FB444
1FB966
1FBEBC
1FC43C
1FC9E2
1FCFA0
1FD5A0
1FDB64
1FE1B6
1FE7AC
1FEE00
1FF444
1FFA5C
0000E8
000704
000D66
00139C
0019BA
001FEC
002610
002BE4
0031D4
003780
003D40
004282
0047F4
004D0C
0051E6
0056DC
005B12
005FAC
006396
00677C
006B1E
006E5E
00716E
00745C
0076C4
007908
007AE6
007CAE
007DCC
007F2E
007F90
008026
00805C
007FEC
007F96
007ED2
007D8E
007C40
007A7E
00787E
007628
00739C
0070CC
006D86
006A36
00668C
0062B4
005E62
005A44
005570
0050C8
004BC4
00469E
004140
003BC0
003618
00306E
002A68
002472
001E7C
001834
001202
000BEC
00055C
1FFF38
1FF90A
1FF28A
1FEC76
1FE62A
1FE00A
1FDA26
1FD3F4
1FCE30
1FC878
1FC2E6
1FBD50
1FB828
1FB2F6
1FAE04
1FA940
1FA4CE
1FA072
1F9C5A
1F987E
1F94FE
1F9184
1F8E96
1F8BAA
1F893C
1F8708
1F84FC
1F836A
1F820E
1F810C
1F8050
1F7FC8
1F7FCC
1F7FFC
1F8058
1F8166
1F822E
1F83F0
1F856A
1F878E
1F89D4
1F8C50
1F8F64
1F9244
1F95E0
1F997E
1F9D50
1FA17C
1FA5E2
1FAA7A
1FAF44
1FB424
1FB984
1FBEA4
1FC456
1FC9C0
1FCFC8
1FD580
1FDB74
1FE1B4
1FE7B0
1FEDF2
1FF440
1FFA7A
0000D0
000710
000D58
001398
0019D2
001FEA
002600
002BD8
0031FC
003768
003D38
00428E
0047EA
004D18
0051EC
0056AA
005B54
005F88
006394
00678A
006B14
006E5C
00718E
007430
0076D8
007900
007AF2
007C96
007DF8
007EFE
007FA8
008026
008050
007FF0
007FAE
007EB8
007D88
007C56
007A72
00787C
007638
007392
0070BC
006DA2
006A28
006698
00629C
005E7E
005A24
005592
0050BA
004BC0
0046A0
00413C
003BD2
00360A
00306A
002A6C
002486
001E56
001852
0011F8
000BDA
00057E
1FFF32
1FF8EE
1FF2A2
1FEC6E
1FE63C
1FDFFE
1FDA08
1FD41E
1FCE26
1FC880
1FC2C6
1FBD78
1FB806
1FB308
1FADF8
1FA95C
1FA4B6
1FA06C
1F9C72
1F9868
1F951A
1F915A
1F8EBE
1F8B92
1F895E
1F86BC
1F8542
1F8362
1F81FE
1F8108
1F804C
1F7FF0
1F7FAC
1F7FF4
1F8078
1F8132
1F827A
1F83AC
1F8592
1F8772
1F89E8
1F8C54
1F8F3C
1F927C
1F95C8
1F9962
1F9D74
1FA16E
1FA5EA
1FAA72
1FAF44
1FB42A
1FB974
1FBEC4
1FC438
1FC9D6
1FCFAE
1FD58C
1FDB80
1FE1A6
1FE7B6
1FEDEC
1FF448
1FFA78
0000D4
0006F6
000D76
001394
0019C6
001FEE
0025FE
002BEA
0031DE
003784
003D24
004294
0047F2
004D10
0051EE
0056B0
005B42
005F9C
00639A
006780
006B0A
006E74
00716C
00744C
0076D2
0078F2
007B0A
007C8E
007DEE
007F06
007FB0
008020
008034
00802C
007F7C
007EBE
007D9C
007C42
007A86
007872
007630
0073A8
00709E
006DB2
006A2E
006680
0062BC
005E74
005A16
005598
0050BE
004BC4
00469C
004138
003BD6
00360C
00305E
002A8A
00245C
001E7A
001840
001202
000BD4
000574
1FFF44
1FF8E2
1FF2B0
1FEC60
1FE624
1FE036
1FD9F6
1FD402
1FCE3E
1FC870
1FC2E2
1FBD58
1FB81C
1FB2F6
1FAE0A
1FA946
1FA4CC
1FA06A
1F9C52
1F9890
1F94F0
1F9196
1F8E80
1F8BBE
1F8938
1F86FC
1F84FC
1F837E
1F8206
1F8100
1F8048
1F7FF8
1F7F9C
1F8010
1F8058
1F8148
1F826C
1F83B6
1F8594
1F8774
1F89D6
1F8C5E
1F8F58
1F9250
1F95D6
1F997E
1F9D46
1FA19E
1FA5C4
1FAA7E
1FAF46
1FB424
1FB98C
1FBE9A
1FC458
1FC9D0
1FCFA4
1FD58E
1FDB92
1FE184
1FE7D2
1FEDEE
1FF440
1FFA6C
0000D8
000712
000D5C
001390
0019DC
001FD8
00260C
002BE6
0031DC
00377C
003D38
004292
0047E0
004D20
0051DA
0056CA
005B44
005F76
0063AE
006786
006B08
006E62
00718C
007434
0076E0
0078EA
007B00
007CA2
007DE0
007F06
007FB2
008026
008032
008020
007F90
007EAA
007DB0
007C34
007A84
00787A
007636
00738A
0070C6
006D9E
006A2E
00668E
0062A0
005E76
005A32
005592
0050A8
004BD4
004698
00413C
003BC8
003612
003070
002A66
002482
001E62
001844
001204
000BD8
000566
1FFF54
1FF8E2
1FF298
1FEC72
1FE630
1FE01C
1FD9FE
1FD40E
1FCE2E
1FC87E
1FC2D8
1FBD5C
1FB81A
1FB2FC
1FAE04
1FA95C
1FA4AC
1FA07A
1F9C5C
1F9886
1F94EA
1F919C
1F8E86
1F8BB6
1F893E
1F86EC
1F8528
1F8344
1F822A
1F80FA
1F8044
1F7FE8
1F7FC4
1F7FE8
1F806C
1F8154
1F8252
1F83CE
1F8572
1F87A4
1F89A4
1F8C7A
1F8F4E
1F9264
1F95C0
1F997A
1F9D62
1FA180
1FA5D6
1FAA7E
1FAF34
1FB448
1FB960
1FBEC4
1FC436
1FC9E4
1FCFA6
1FD57E
1FDBA2
1FE182
1FE7BC
1FEE0A
1FF430
1FFA76
0000C8
000726
000D42
0013AE
0019C2
001FE4
002608
002BF4
0031C2
003794
003D1C
0042AE
0047D2
004D20
0051DA
0056DA
005B1C
005FA4
00639E
00677A
006B0C
006E7C
00715A
007462
0076CA
0078F4
007B08
007C6E
007E2A
007EE6
007F98
008048
008032
008008
007F9A
007EB6
007DAC
007C30
007A7A
007888
007630
00739C
0070B6
006D94
006A36
006696
00629C
005E7A
005A28
005584
0050CC
004BBC
004692
004156
003BAC
003636
00304A
002A76
00247A
001E76
001830
001202
000BE2
00056E
1FFF3E
1FF8F0
1FF298
1FEC80
1FE61A
1FE02A
1FD9EE
1FD420
1FCE2A
1FC874
1FC2D6
1FBD64
1FB828
1FB2E6
1FAE16
1FA946
1FA4C0
1FA06E
1F9C6A
1F9870
1F9506
1F917A
1F8EAC
1F8B92
1F8954
1F86E8
1F8518
1F8362
1F8212
1F80F6
1F8062
1F7FDA
1F7FAC
1F8000
1F8070
1F8144
1F8256
1F83CA
1F8594
1F876C
1F89DC
1F8C5C
1F8F4E
1F9262
1F95D8
1F9960
1F9D64
1FA18C
1FA5CE
1FAA80
1FAF40
1FB434
1FB966
1FBEC8
1FC430
1FC9EE
1FCF96
1FD59A
1FDB80
1FE198
1FE7BE
1FEDEE
1FF44C
1FFA74
0000C8
00070A
000D70
001384
0019DC
001FDC
002610
002BDC
0031DA
00378C
003D28
00429C
0047E8
004CF4
00521C
0056A2
005B3C
005F94
00639A
006792
006AFC
006E6E
00717C
007448
0076CC
007902
007AEC
007CAA
007DDE
007F1A
007F90
008038
008046
007FF6
007FA4
007EBA
007DA0
007C3C
007A7A
00787A
007636
0073A2
0070A6
006DB0
006A1C
0066AC
00627E
005E92
005A2A
00557C
0050C8
004BCA
004688
004154
003BB6
00361E
003070
002A60
00248C
001E4C
00185A
0011FE
000BC4
00059E
1FFF16
1FF8F6
1FF2AA
1FEC60
1FE640
1FE006
1FDA0C
1FD412
1FCE24
1FC874
1FC2F0
1FBD4A
1FB826
1FB2F6
1FAE02
1FA95C
1FA4A2
1FA08E
1F9C4C
1F9892
1F94E2
1F919C
1F8E8C
1F8BB0
1F8938
1F8706
1F84FE
1F836A
1F8210
1F8108
1F8048
1F7FE4
1F7FB4
1F7FF0
1F8080
1F8142
1F8246
1F83E4
1F8566
1F87A8
1F89A6
1F8C7A
1F8F44
1F926C
1F95C2
1F9976
1F9D5E
1FA186
1FA5DA
1FAA74
1FAF3C
1FB44A
1FB958
1FBEC8
1FC438
1FC9DC
1FCFB0
1FD582
1FDB82
1FE1A2
1FE7BE
1FEDFC
1FF42C
1FFA7E
0000C8
000724
000D4A
0013A0
0019CE
001FE6
0025FC
002BF0
0031D8
003784
003D22
0042AC
0047DC
004D0C
0051F2
0056B8
005B40
005F8C
00639C
00679E
006AE4
006E8C
00716A
007442
0076CE
007916
007ADC
007CA2
007DFC
007EEA
007FC0
008016
008054
007FF0
007FB6
007EA6
007DA2
007C40
007A84
00786E
007640
00738C
0070C8
006D8E
006A44
006674
0062B2
005E82
005A1E
00558A
0050BC
004BD2
004686
00414A
003BC6
003624
00304A
002A84
00246E
001E74
001842
0011F6
000BD8
000584
1FFF32
1FF8E4
1FF2B2
1FEC5E
1FE640
1FE008
1FDA12
1FD3F6
1FCE4A
1FC866
1FC2E8
1FBD4E
1FB82E
1FB2F2
1FAE00
1FA942
1FA4DC
1FA060
1F9C58
1F9896
1F94EA
1F9188
1F8E96
1F8BAE
1F893E
1F8700
1F84FA
1F837E
1F81F0
1F8130
1F8030
1F7FDC
1F7FC0
1F8004
1F805C
1F814E
1F825E
1F83C4
1F8582
1F8784
1F89C2
1F8C82
1F8F28
1F9274
1F95DA
1F995E
1F9D5E
1FA18A
1FA5EA
1FAA58
1FAF54
1FB432
1FB96A
1FBEC2
1FC436
1FC9E4
1FCFA6
1FD580
1FDB9C
1FE188
1FE7C0
1FEDFE
1FF43E
1FFA6A
0000DC
00070C
000D5A
001398
0019CC
001FEE
0025F2
002C04
0031C6
003788
003D26
0042A8
0047D8
004D10
0051F6
0056C2
005B2A
005F9E
00639C
006780
006B04
006E80
00716A
00744C
0076CC
0078FC
007AFA
007C9A
007DE8
007F06
007FBC
00800A
008056
007FFE
007F94
007ED4
007D7C
007C5E
007A60
00788A
00762A
0073B0
0070A2
006DAE
006A1C
0066A8
00628A
005E86
005A34
005578
0050C4
004BCE
004692
004140
003BC2
003626
003056
002A84
002466
001E72
001844
0011FE
000BD0
000580
1FFF3C
1FF8E4
1FF2A6
1FEC64
1FE644
1FE00A
1FD9F4
1FD430
1FCE0C
1FC88E
1FC2D8
1FBD4E
1FB834
1FB2EA
1FAE04
1FA958
1FA4B2
1FA080
1F9C52
1F988C
1F94E4
1F91A4
1F8E76
1F8BCC
1F893A
1F86D0
1F8538
1F835A
1F8212
1F80F4
1F8074
1F7FA0
1F7FF4
1F7FDC
1F8078
1F8134
1F826C
1F83CA
1F8574
1F878C
1F89D6
1F8C52
1F8F54
1F926C
1F95BE
1F997E
1F9D5E
1FA16E
1FA5F8
1FAA6A
1FAF3E
1FB444
1FB954
1FBED2
1FC428
1FCA02
1FCF80
1FD5A6
1FDB72
1FE1AA
1FE7B2
1FEE00
1FF426
1FFA94
0000C4
000708
000D6A
00138E
0019D4
001FE4
002600
002BEA
0031DE
003786
003D1E
0042A2
0047EC
004D08
0051F2
0056B0
005B54
005F84
006394
006790
006B12
006E5A
007184
00744E
0076C0
0078F6
007B14
007C8A
007DF0
007EF2
007FC2
008022
00803E
00800A
007F8E
007EC0
007DA6
007C38
007A7C
007876
00763C
007394
0070C4
006D80
006A56
00666A
0062B4
005E84
005A12
00559C
0050B6
004BC2
00469C
004148
003BB8
00362A
00304C
002A84
002478
001E64
00183A
001214
000BC8
00057C
1FFF3A
1FF8F0
1FF2A2
1FEC68
1FE62E
1FE01E
1FDA00
1FD40C
1FCE36
1FC870
1FC2DE
1FBD68
1FB806
1FB30C
1FADFC
1FA94E
1FA4C0
1FA07A
1F9C52
1F9884
1F94F8
1F9186
1F8E9C
1F8BAE
1F8936
1F86FC
1F850C
1F836A
1F8214
1F80F0
1F8068
1F7FC0
1F7FDC
1F7FDC
1F8088
1F8128
1F8266
1F83D6
1F856C
1F879A
1F89BA
1F8C76
1F8F34
1F927E
1F95BE
1F996A
1F9D66
1FA192
1FA5C0
1FAA8E
1FAF38
1FB434
1FB96C
1FBEC2
1FC434
1FC9E2
1FCFB2
1FD576
1FDB94
1FE190
1FE7D2
1FEDEA
1FF438
1FFA76
0000CC
000720
000D4E
0013A2
0019C8
001FEA
0025FE
002BE8
0031E4
00377E
003D2E
004298
0047DC
004D14
0051FA
0056B4
005B3C
005F8E
0063A6
006778
006B0E
006E74
00716A
007456
0076C4
007904
007AFC
007C86
007E0C
007EDA
007FBE
008042
008016
008022
007F94
007EA4
007DB8
007C46
007A60
00789A
007618
0073A2
0070BC
006DA8
006A14
0066A0
0062B2
005E5A
005A40
005578
0050D0
004BBA
00469E
004144
003BB6
00362E
003058
002A6E
00247C
001E6C
001842
001202
000BCE
000580
1FFF3E
1FF8DC
1FF2B4
1FEC68
1FE62E
1FE018
1FD9FE
1FD41A
1FCE1E
1FC88C
1FC2CA
1FBD66
1FB816
1FB30C
1FADEA
1FA960
1FA4B6
1FA070
1F9C6A
1F9876
1F9502
1F9180
1F8E8E
1F8BC2
1F8934
1F86E6
1F8526
1F8364
1F8204
1F8104
1F8058
1F7FDC
1F7FA8
1F8010
1F8064
1F8130
1F8280
1F83B6
1F8584
1F8778
1F89DA
1F8C66
1F8F44
1F925C
1F95E4
1F9960
1F9D58
1FA18E
1FA5D2
1FAA8E
1FAF2C
1FB440
1FB962
1FBEBA
1FC448
1FC9E2
1FCF94
1FD5A2
1FDB76
1FE19A
1FE7C8
1FEDEC
1FF43C
1FFA86
0000B2
000732
000D50
00138C
0019DE
001FDE
0025FA
002BF6
0031DE
003772
003D46
004280
0047F4
004D00
005202
0056AC
005B44
005F90
00639C
006782
006B04
006E8C
007156
007454
0076D0
0078F4
007AFE
007C90
007E18
007EBE
007FE0
008018
008036
008026
007F78
007EC0
007DBA
007C18
007A98
00786C
00763E
00738E
0070B6
006DBA
006A12
00669C
00629A
005E88
005A1A
00558C
0050CA
004BBC
00469C
004140
003BC6
003620
003052
002A82
002474
001E6A
001840
0011FA
000BDE
000580
1FFF30
1FF8E4
1FF2B2
1FEC62
1FE638
1FE010
1FDA0E
1FD3FE
1FCE42
1FC864
1FC2E2
1FBD64
1FB81C
1FB2E6
1FAE1C
1FA946
1FA4BE
1FA06C
1F9C6E
1F9868
1F950C
1F9188
1F8E8C
1F8BB0
1F8950
1F86D4
1F8522
1F8372
1F81F4
1F8114
1F8050
1F7FD8
1F7FB8
1F8000
1F8064
1F814C
1F825E
1F83CA
1F8570
1F878E
1F89D4
1F8C6A
1F8F40
1F925E
1F95DA
1F995C
1F9D86
1FA15A
1FA5F8
1FAA6A
1FAF3C
1FB448
1FB95C
1FBEC6
1FC43A
1FC9DA
1FCFB0
1FD586
1FDB84
1FE19E
1FE7BE
1FEDF4
1FF43E
1FFA74
0000D2
000710
000D62
001382
0019EA
001FD6
00260C
002BDA
0031EE
00376C
003D38
00429E
0047D2
004D2E
0051C8
0056E2
005B2E
005F86
0063A4
00678A
006B00
006E6C
007186
007444
0076C0
007904
007AF8
007CB8
007DC0
007F12
007FAA
008032
008032
008016
007F88
007ED0
007D90
007C36
007A90
007872
007626
0073A8
0070C8
006D76
006A50
006684
0062A4
005E6E
005A40
005578
0050C0
004BC8
00469C
004148
003BB2
003630
003046
002A92
002464
001E6A
001854
0011E8
000BE4
000574
1FFF40
1FF8EA
1FF2A0
1FEC64
1FE648
1FDFF2
1FDA2A
1FD3EE
1FCE4E
1FC860
1FC2D6
1FBD78
1FB80C
1FB2F0
1FAE1C
1FA934
1FA4CE
1FA072
1F9C5A
1F9884
1F94F0
1F9192
1F8E94
1F8BA6
1F8944
1F86F4
1F8510
1F836E
1F81FE
1F8114
1F8058
1F7FBC
1F7FD8
1F7FDC
1F809C
1F8114
1F8270
1F83C0
1F8592
1F877A
1F89C8
1F8C74
1F8F32
1F927E
1F95B6
1F998E
1F9D48
1FA17E
1FA5EC
1FAA76
1FAF30
1FB442
1FB972
1FBEB8
1FC428
1FC9FE
1FCF9E
1FD586
1FDB78
1FE1B4
1FE7B0
1FEDEC
1FF452
1FFA6C
0000CA
00071C
000D4A
0013AE
0019BE
001FEE
0025FC
002BF2
0031D2
00378E
003D12
0042B0
0047EE
004CEC
005216
0056A0
005B4E
005F84
0063B4
00675E
006B28
006E62
00717C
007458
0076A4
00792A
007AD0
007CB6
007DE4
007F00
007FAA
00802A
008046
007FFA
007FAE
007EAA
007DA4
007C42
007A66
00789A
007620
00739C
0070C0
006D94
006A42
00667E
00629C
005E8A
005A2A
005570
0050DA
004BB6
0046A6
004148
003BAA
003632
003052
002A78
002474
001E76
00183C
001204
000BD0
000578
1FFF3C
1FF8EC
1FF2A0
1FEC6A
1FE63C
1FE00A
1FDA0A
1FD418
1FCE10
1FC890
1FC2D8
1FBD5C
1FB820
1FB2E6
1FAE1A
1FA94A
1FA4B4
1FA07E
1F9C54
1F9884
1F94F8
1F9194
1F8E88
1F8BB2
1F893C
1F86F6
1F8516
1F8356
1F8222
1F80F0
1F8054
1F7FE8
1F7FB8
1F7FE8
1F8084
1F812C
1F8278
1F83B6
1F8584
1F877C
1F89E6
1F8C4E
1F8F50
1F926C
1F95B8
1F9988
1F9D60
1FA172
1FA5E2
1FAA7A
1FAF3C
1FB43C
1FB96C
1FBEB0
1FC44E
1FC9D4
1FCFB0
1FD57E
1FDB92
1FE192
1FE7BE
1FEDFC
1FF43E
1FFA6C
0000CE
00072C
000D3A
0013A0
0019D6
001FE0
002612
002BD8
0031D8
00378E
003D2E
004290
0047F0
004D04
0051FA
0056A4
005B64
005F74
00639C
006796
006AFC
006E78
007172
007442
0076DA
0078FA
007AEC
007CB6
007DD4
007EFE
007FC4
00801A
008040
008014
007F82
007EBE
007DB2
007C2C
007A88
007870
00763A
007392
0070CC
006D82
006A42
00668C
006298
005E90
005A10
00559C
0050B2
004BC4
0046AE
00412E
003BCA
003622
00305E
002A5C
0024A0
001E58
001838
001214
000BBA
000594
1FFF2E
1FF8EC
1FF29C
1FEC84
1FE61E
1FE01E
1FD9F4
1FD420
1FCE32
1FC85C
1FC2FA
1FBD56
1FB814
1FB2FA
1FAE12
1FA93A
1FA4CE
1FA070
1F9C5C
1F9872
1F9508
1F919A
1F8E6C
1F8BC8
1F8940
1F86E8
1F851C
1F835C
1F821A
1F80F8
1F8058
1F7FE0
1F7FA2
1F800A
1F8076
1F8132
1F8262
1F83CA
1F8578
1F87AC
1F8990
1F8C88
1F8F46
1F9266
1F95C4
1F9970
1F9D7C
1FA158
1FA600
1FAA5E
1FAF46
1FB442
1FB962
1FBEBC
1FC444
1FC9DA
1FCFA6
1FD596
1FDB70
1FE1A2
1FE7CA
1FEDF2
1FF438
1FFA70
0000DE
000700
000D6A
001392
0019CA
001FF6
0025F4
002BEA
0031DA
003786
003D2A
004298
0047EC
004D06
0051F2
0056C8
005B2C
005F94
0063A4
00677A
006B1C
006E58
007196
00741C
0076E8
007900
007AEE
007CA2
007DE4
007EFE
007FBC
00801E
00803A
00802A
007F64
007EE2
007D90
007C3A
007A7E
00788E
00760C
0073CC
007094
006D9A
006A4E
00667C
006296
005E90
005A32
00555C
0050E6
004BC8
004688
004138
003BE6
003600
003066
002A7A
00247A
001E68
001836
001218
000BBC
000590
1FFF22
1FF900
1FF296
1FEC7A
1FE62C
1FE00A
1FDA0E
1FD40E
1FCE32
1FC870
1FC2DE
1FBD68
1FB810
1FB2FE
1FADFE
1FA95A
1FA4B8
1FA06E
1F9C66
1F988A
1F94DE
1F919C
1F8E82
1F8BC6
1F8938
1F86EC
1F850C
1F8372
1F820E
1F8100
1F8048
1F7FE8
1F7FC8
1F7FD8
1F8084
1F813A
1F8252
1F83D8
1F8586
1F877E
1F89C8
1F8C66
1F8F50
1F9268
1F95B4
1F999A
1F9D3E
1FA190
1FA5D4
1FAA7E
1FAF44
1FB426
1FB97C
1FBEB4
1FC446
1FC9D8
1FCFB0
1FD57C
1FDB8E
1FE19E
1FE7BA
1FEDFA
1FF42E
1FFA84
0000C2
000728
000D50
001392
0019D6
001FDC
00260A
002BF0
0031D8
003774
003D34
00429E
0047E6
004CFE
00520A
0056B2
005B32
005F78
0063F0
00672E
006B3A
006E58
007184
007444
0076C6
00790A
007AEE
007CA4
007DE6
007EFE
007FB8
008022
008034
008028
007F78
007EC8
007D9E
007C3A
007A8C
007856
007658
007386
0070D0
006D7E
006A46
00667C
0062B2
005E74
005A28
005596
00509A
004BF4
00467C
00414C
003BBC
003620
003062
002A6E
002486
001E54
00184E
00120C
000BBA
000590
1FFF3A
1FF8D8
1FF2B8
1FEC58
1FE646
1FE002
1FDA16
1FD406
1FCE26
1FC888
1FC2D4
1FBD50
1FB830
1FB2F6
1FADF0
1FA964
1FA4C6
1FA04C
1F9C86
1F9868
1F9502
1F9196
1F8E78
1F8BC8
1F892A
1F870E
1F84FA
1F8366
1F8220
1F80FC
1F8040
1F7FE4
1F7FD8
1F7FC8
1F8094
1F8138
1F824C
1F83DE
1F8580
1F8778
1F89D6
1F8C62
1F8F48
1F9268
1F95CE
1F996E
1F9D5E
1FA18E
1FA5D8
1FAA66
1FAF4A
1FB43C
1FB968
1FBECC
1FC420
1FC9F6
1FCF94
1FD5A4
1FDB68
1FE1AC
1FE7B8
1FEDFE
1FF434
1FFA7E
0000BC
000730
000D38
0013B2
0019C8
001FE4
002606
002BF0
0031C6
003786
003D42
004284
0047EC
004D12
0051EE
0056B8
005B3C
005F94
0063A4
006770
006B28
006E54
00717E
007450
0076C8
0078F0
007B1A
007C7A
007DF6
007EFA
007FC0
008022
00802C
008030
007F74
007EBC
007DB6
007C2E
007A74
007892
007618
0073AA
0070C2
006D80
006A4C
006686
00629A
005E7E
005A3E
00555C
0050F4
004B9C
0046B4
00412A
003BD2
00362E
00303C
002A86
002476
001E6C
001836
00121E
000BAE
000590
1FFF38
1FF8EC
1FF29A
1FEC72
1FE62E
1FE01E
1FDA04
1FD3F8
1FCE50
1FC864
1FC2D8
1FBD60
1FB82C
1FB2E2
1FAE1C
1FA93C
1FA4C2
1FA07A
1F9C52
1F988E
1F94EA
1F9198
1F8E8E
1F8BAE
1F8928
1F8730
1F84D4
1F8382
1F8216
1F80EC
1F8058
1F7FE0
1F7FCC
1F7FDC
1F8070
1F815A
1F8242
1F83D8
1F857E
1F8778
1F89E6
1F8C54
1F8F40
1F927E
1F95BA
1F9972
1F9D68
1FA188
1FA5CA
1FAA8A
1FAF24
1FB45C
1FB950
1FBEC6
1FC442
1FC9D4
1FCFB8
1FD576
1FDB92
1FE198
1FE7B8
1FEE08
1FF422
1FFA8C
0000C2
000720
000D48
0013A4
0019C8
001FFC
0025E8
002BFA
0031CC
00378A
003D2A
00429A
0047E0
004D22
0051DC
0056C2
005B3E
005F92
00639E
006774
006B20
006E5C
007180
00744A
0076C2
007910
007ADE
007CAC
007DE6
007F06
007FAC
00802C
008032
008016
007FA4
007E9E
007DA8
007C48
007A74
007882
007628
0073A4
0070B6
006D96
006A42
006678
0062B4
005E74
005A2A
005580
0050CA
004BB8
0046BC
004112
003BE2
003620
00304A
002A72
002494
001E4E
00184A
001218
000BA6
0005A0
1FFF2E
1FF8E0
1FF2B4
1FEC66
1FE630
1FE014
1FDA08
1FD400
1FCE44
1FC866
1FC2DE
1FBD6C
1FB80C
1FB302
1FAE06
1FA942
1FA4C6
1FA074
1F9C5C
1F9886
1F94EE
1F9194
1F8E8A
1F8BAE
1F8946
1F8700
1F84E4
1F8390
1F8202
1F810E
1F8034
1F7FF0
1F7FBC
1F7FEC
1F8080
1F8130
1F8268
1F83C6
1F858E
1F876E
1F89D0
1F8C7A
1F8F3E
1F9252
1F95F0
1F9958
1F9D64
1FA194
1FA5B8
1FAA8E
1FAF44
1FB430
1FB968
1FBEBE
1FC444
1FC9CE
1FCFB6
1FD582
1FDB84
1FE19E
1FE7D4
1FEDC0
1FF46E
1FFA62
0000D4
000708
000D66
0013A0
0019B6
001FF6
0025FC
002BFA
0031B6
0037A6
003D1E
0042A0
0047E0
004D0A
0051FC
0056B6
005B36
005F9A
0063A4
00676E
006B22
006E50
00719E
007428
0076DC
0078F2
007B10
007C82
007DF6
007EF4
007FCE
008006
008054
00800A
007F84
007ECE
007D9A
007C30
007A90
007872
007634
00739E
0070B0
006DA4
006A3A
006680
006298
005E98
005A16
005582
0050D0
004BB6
0046A0
004144
003BBA
00362A
003050
002A80
002476
001E68
00183A
001216
000BBE
000588
1FFF38
1FF8E0
1FF2B0
1FEC60
1FE638
1FE01E
1FD9EE
1FD422
1FCE22
1FC880
1FC2DA
1FBD4E
1FB836
1FB2DC
1FAE28
1FA926
1FA4E0
1FA05A
1F9C76
1F9876
1F94E8
1F919A
1F8E8C
1F8BB8
1F8940
1F86EC
1F850C
1F836E
1F8206
1F8118
1F8030
1F7FF0
1F7FBC
1F7FF8
1F805C
1F815C
1F8248
1F83CA
1F8598
1F8768
1F89D6
1F8C7A
1F8F28
1F9282
1F95AE
1F9996
1F9D42
1FA190
1FA5E0
1FAA6A
1FAF46
1FB434
1FB970
1FBEBC
1FC440
1FC9D8
1FCFB4
1FD570
1FDBA0
1FE186
1FE7D0
1FEDF2
1FF42E
1FFA88
0000C4
000710
000D64
00138A
0019E8
001FC4
00261E
002BE8
0031C4
003790
003D40
004276
004802
004CF6
00520C
0056A0
005B50
005F80
0063B2
00677A
006B08
006E70
007178
00743C
0076E4
0078E6
007B08
007C9A
007DD2
007F2E
007F88
00803C
008032
00801C
007F7A
007EDC
007D8A
007C30
007AA8
007846
00765C
007382
0070CC
006D88
006A4A
006674
0062AA
005E8E
005A04
0055AA
0050C2
004BAC
0046A2
004144
003BCE
00360C
003062
002A7E
002470
001E70
00183A
001214
000BB0
00059E
1FFF20
1FF8FE
1FF2A0
1FEC5E
1FE64C
1FDFFE
1FDA08
1FD40C
1FCE42
1FC860
1FC2E6
1FBD5E
1FB816
1FB304
1FADFC
1FA94C
1FA4BE
1FA07C
1F9C64
1F9864
1F9512
1F918C
1F8E76
1F8BC4
1F893C
1F86F8
1F8514
1F8354
1F821E
1F80FC
1F8054
1F7FEC
1F7F84
1F8038
1F8058
1F8130
1F8274
1F83C4
1F857A
1F8786
1F89D0
1F8C62
1F8F50
1F9264
1F95C0
1F9980
1F9D5C
1FA17A
1FA5EA
1FAA74
1FAF26
1FB462
1FB93E
1FBEDA
1FC446
1FC9C8
1FCFA8
1FD58E
1FDB92
1FE186
1FE7D0
1FEDEC
1FF446
1FFA68
0000D0
00071A
000D60
00138C
0019CA
001FF4
002600
002BF4
0031AC
0037B4
003D16
0042A0
0047E8
004D08
0051F4
0056B0
005B54
005F84
006398
006788
006B0E
006E6E
007174
007450
0076B0
00792A
007AD8
007CA6
007DE8
007F0A
007FA6
008026
00804A
007FFE
007F9E
007EAE
007DB0
007C32
007A82
007886
00761C
0073A0
0070C6
006D92
006A2A
006698
0062A0
005E84
005A1A
005590
0050C2
004BBC
004698
004158
003BA6
003630
003056
002A7C
002468
001E86
001828
001210
000BCC
00057C
1FFF46
1FF8DC
1FF2A6
1FEC6C
1FE63E
1FE000
1FDA18
1FD40A
1FCE1E
1FC88C
1FC2C6
1FBD84
1FB7E8
1FB322
1FADF0
1FA950
1FA4C2
1FA07C
1F9C46
1F9894
1F94F0
1F9194
1F8E84
1F8BB0
1F8942
1F8700
1F850A
1F8356
1F822A
1F80E4
1F8070
1F7FC4
1F7FD0
1F7FE8
1F806C
1F8148
1F8266
1F83C4
1F857E
1F8778
1F89E4
1F8C58
1F8F56
1F924C
1F95DC
1F9978
1F9D56
1FA186
1FA5D6
1FAA8A
1FAF28
1FB44C
1FB94C
1FBEE2
1FC426
1FC9EC
1FCF9A
1FD59A
1FDB78
1FE1A0
1FE7BE
1FEDF4
1FF43E
1FFA76
0000D0
000716
000D48
0013A4
0019DA
001FDA
002602
002BE0
0031F6
003766
003D3C
004286
004808
004CEA
005208
0056B2
005B4A
005F7A
0063B8
00675E
006B3A
006E4A
00717C
00745A
0076B8
00790E
007AF4
007C92
007DF0
007F0A
007FA6
00802A
008042
008002
007F9E
007EB6
007DA0
007C46
007A62
00789C
007622
00739E
0070B6
006D9A
006A3A
006684
006294
005E98
005A1E
005584
0050C6
004BC0
0046A4
004136
003BC0
00362E
00305A
002A62
00248C
001E66
001840
0011F6
000BE0
000584
1FFF26
1FF8EC
1FF2B6
1FEC52
1FE64E
1FDFFC
1FDA14
1FD406
1FCE2A
1FC882
1FC2D4
1FBD62
1FB826
1FB2E2
1FAE10
1FA954
1FA4B2
1FA072
1F9C7C
1F985A
1F9500
1F919C
1F8E82
1F8BAE
1F8948
1F86EC
1F851E
1F8352
1F8210
1F8118
1F803C
1F7FF0
1F7FA4
1F7FFC
1F807C
1F8130
1F8266
1F83CA
1F8584
1F877E
1F89CA
1F8C66
1F8F50
1F9262
1F95C8
1F997C
1F9D54
1FA18C
1FA5CE
1FAA80
1FAF38
1FB444
1FB96C
1FBEAE
1FC446
1FC9D4
1FCFBA
1FD574
1FDB92
1FE196
1FE7C4
1FEDFA
1FF428
1FFA8C
0000BE
000728
000D4A
00139C
0019C6
001FFA
0025F8
002BEA
0031D6
00377E
003D42
004280
0047FE
004CEC
005214
0056B2
005B38
005F8C
0063A8
006776
006B14
006E70
007172
007454
0076AC
007934
007AC6
007CBA
007DCE
007F1C
007FAA
00801C
00803E
00800E
007F9C
007EAC
007DB6
007C24
007A8C
007878
007626
0073B8
0070A2
006D9C
006A34
006698
00628C
005E9A
005A08
00559C
0050C2
004BBC
004690
00414A
003BD8
003608
00304E
002A92
002478
001E4E
001856
001206
000BC4
00058C
1FFF28
1FF8F8
1FF2A4
1FEC5E
1FE63C
1FE01E
1FD9EA
1FD41E
1FCE38
1FC86E
1FC2D6
1FBD66
1FB814
1FB2FE
1FAE08
1FA948
1FA4CE
1FA058
1F9C6E
1F9884
1F94E4
1F91AE
1F8E60
1F8BE0
1F8924
1F86FE
1F8502
1F837A
1F8208
1F80F4
1F805C
1F7FE8
1F7FAC
1F7FF8
1F8078
1F812C
1F8282
1F83AA
1F8598
1F8772
1F89D6
1F8C6A
1F8F38
1F926E
1F95D4
1F9968
1F9D62
1FA18E
1FA5C0
1FAA92
1FAF2C
1FB44C
1FB958
1FBECA
1FC43E
1FC9D0
1FCFB2
1FD588
1FDB82
1FE1A6
1FE7B0
1FEDFA
1FF440
1FFA78
0000C8
000712
000D64
00138E
0019D2
001FF0
0025EA
002C08
0031BC
0037A2
003D16
00429C
0047EE
004D0C
0051EC
0056BA
005B44
005F8C
0063A0
006782
006B04
006E78
007176
007436
0076E6
0078F2
007AFC
007C96
007DE8
007F0E
007FA8
008026
00803A
008022
007F70
007ED2
007D9C
007C3A
007A7E
007884
00762A
00738C
0070D2
006D98
006A1C
0066A0
0062A0
005E76
005A2C
00558C
0050B0
004BDE
004686
00414E
003BB8
003628
00304E
002A8A
002470
001E64
001846
0011FE
000BDC
00056A
1FFF48
1FF8F2
1FF290
1FEC6C
1FE642
1FE010
1FD9FA
1FD410
1FCE40
1FC862
1FC2DC
1FBD70
1FB814
1FB2E2
1FAE2C
1FA92E
1FA4D8
1FA052
1F9C82
1F9868
1F94F8
1F919E
1F8E7A
1F8BC6
1F8928
1F8704
1F8510
1F8362
1F820A
1F8104
1F8060
1F7FC8
1F7FC4
1F7FF0
1F8088
1F8114
1F828A
1F83AE
1F858E
1F8784
1F89C0
1F8C7C
1F8F34
1F9272
1F95B8
1F9994
1F9D4A
1FA182
1FA5EC
1FAA5E
1FAF50
1FB43C
1FB95C
1FBECE
1FC42E
1FC9E2
1FCFA8
1FD590
1FDB82
1FE194
1FE7C4
1FEDF4
1FF43E
1FFA72
0000DE
0006FC
000D66
0013A0
0019B2
002012
0025E2
002BF0
0031E2
00377A
003D2C
0042A6
0047D6
004D18
0051EA
0056C0
005B3A
005F96
006394
00678E
006AFC
006E70
00718E
007432
0076C6
007912
007AEC
007C9A
007DF4
007EFA
007FB4
008022
00803A
00801E
007F88
007EB0
007DB6
007C30
007A80
007884
00761E
0073AE
0070AE
006D9E
006A3E
00667C
0062A6
005E80
005A26
00558C
0050BA
004BC8
00469C
004140
003BCA
003610
003066
002A7A
002474
001E66
001842
00120C
000BC4
000586
1FFF32
1FF8F0
1FF2AC
1FEC5A
1FE63C
1FE012
1FDA0A
1FD402
1FCE46
1FC85C
1FC2DE
1FBD70
1FB80C
1FB30A
1FADF6
1FA94E
1FA4BC
1FA086
1F9C3E
1F98AA
1F94C0
1F91BC
1F8E76
1F8BC2
1F8914
1F8738
1F84D8
1F837E
1F81FC
1F8134
1F801C
1F7FEC
1F7FBC
1F8000
1F8058
1F815C
1F8260
1F83A8
1F8596
1F878A
1F89CA
1F8C5C
1F8F42
1F9284
1F95AE
1F9982
1F9D66
1FA16A
1FA5F2
1FAA6E
1FAF40
1FB43A
1FB964
1FBEC0
1FC446
1FC9DA
1FCFA4
1FD58E
1FDB86
1FE18E
1FE7CE
1FEDF2
1FF432
1FFA86
0000C0
000720
000D46
0013B4
0019BA
001FEA
0025FE
002BF8
0031CC
003794
003D0E
0042B8
0047D4
004D1C
0051DE
0056D2
005B30
005F84
0063B6
00676A
006B24
006E64
00717C
00743A
0076DC
0078EC
007B0C
007C98
007DDE
007F0E
007FB0
008012
008052
00800E
007F8E
007EBA
007D9A
007C4E
007A70
00786E
007658
007372
0070CE
006DA4
006A28
006684
0062AE
005E6E
005A32
005596
0050AA
004BCC
00469A
00414A
003BB4
003630
00304E
002A86
002460
001E84
001830
001200
000BE8
000560
1FFF4A
1FF8EE
1FF292
1FEC78
1FE632
1FE010
1FDA06
1FD40A
1FCE3C
1FC864
1FC2EA
1FBD5E
1FB818
1FB2F6
1FAE08
1FA950
1FA4B4
1FA08A
1F9C3A
1F98AA
1F94D0
1F91A2
1F8E86
1F8BB6
1F893C
1F86F8
1F8504
1F8372
1F8206
1F8110
1F803C
1F7FE6
1F7FD2
1F7FCE
1F808A
1F813C
1F8262
1F83C6
1F8578
1F878C
1F89DC
1F8C4C
1F8F56
1F9252
1F95E2
1F997A
1F9D4C
1FA17C
1FA5EE
1FAA70
1FAF34
1FB448
1FB96C
1FBEAC
1FC444
1FC9E6
1FCF9C
1FD596
1FDB86
1FE182
1FE7D6
1FEDF2
1FF434
1FFA86
0000BC
000720
000D4C
0013AE
0019B4
001FF6
00260C
002BD6
0031DA
003790
003D2A
004296
0047E6
004CFE
005216
005698
005B50
005F7A
0063B2
006780
006B0A
006E60
00718A
007440
0076D4
0078E4
007B16
007C92
007DDA
007F24
007F8E
008044
008022
008026
007F7C
007ED0
007D92
007C48
007A70
007876
007664
007364
0070C4
006DAE
006A16
0066A4
0062A2
005E74
005A32
005578
0050C0
004BE0
004680
004150
003BB0
003634
00304E
002A72
002488
001E6A
001836
001200
000BDC
000580
1FFF24
1FF8F6
1FF2B0
1FEC56
1FE644
1FE002
1FDA10
1FD416
1FCE1A
1FC888
1FC2D2
1FBD6C
1FB800
1FB31A
1FADF0
1FA948
1FA4D6
1FA058
1F9C7A
1F986C
1F9500
1F9186
1F8E98
1F8BAC
1F893C
1F86F8
1F8514
1F8358
1F821E
1F8104
1F8038
1F7FF0
1F7FC2
1F7FE6
1F806E
1F814E
1F8262
1F83B6
1F8588
1F878E
1F89CA
1F8C5A
1F8F5C
1F9252
1F95D4
1F9974
1F9D56
1FA19E
1FA5BC
1FAA8A
1FAF2C
1FB444
1FB96E
1FBEBC
1FC440
1FC9CE
1FCFB6
1FD586
1FDB88
1FE18C
1FE7D4
1FEDE0
1FF452
1FFA6E
0000C0
000724
000D52
00139C
0019D2
001FE0
002600
002BF0
0031E0
003778
003D30
0042A2
0047D8
004D0A
005206
0056AA
005B4A
005F86
0063A2
006788
006B06
006E66
007182
00744A
0076C6
007902
007AFC
007C8E
007E04
007EDE
007FC4
00802E
00802A
008026
007F68
007EF0
007D86
007C34
007A90
00786C
00763E
00738A
0070CC
006D92
006A32
00668C
0062AA
005E78
005A26
00558A
0050C4
004BB6
0046A6
004148
003BBE
003618
003064
002A6E
00247C
001E70
00183C
00120A
000BC4
00057C
1FFF56
1FF8C6
1FF2BA
1FEC6C
1FE618
1FE02E
1FDA0A
1FD3F8
1FCE38
1FC87E
1FC2CA
1FBD74
1FB80A
1FB308
1FADF8
1FA95C
1FA4B2
1FA074
1F9C68
1F9872
1F9510
1F916C
1F8EA0
1F8BB0
1F893E
1F86FE
1F850A
1F834C
1F8232
1F8102
1F8032
1F7FF8
1F7FB8
1F7FEC
1F8078
1F8138
1F825E
1F83DA
1F8568
1F8796
1F89C6
1F8C66
1F8F4C
1F925A
1F95D4
1F9980
1F9D48
1FA18C
1FA5DE
1FAA70
1FAF48
1FB430
1FB976
1FBEB0
1FC448
1FC9DA
1FCFA8
1FD58C
1FDB74
1FE1B2
1FE7C2
1FEDDA
1FF450
1FFA74
0000CA
000716
000D5E
001394
0019C0
002002
0025EE
002BEE
0031E0
00377E
003D2E
004286
00480A
004CF0
005200
0056BA
005B3A
005F86
0063AA
006788
006B00
006E70
00717C
007442
0076C8
00790E
007AF0
007C92
007DF2
007F1E
007F8E
00801A
008060
007FFE
007F96
007EB6
007DA8
007C36
007A86
007874
00762E
00739E
0070C0
006D96
006A32
006688
0062AE
005E78
005A22
005596
0050B0
004BC8
00469C
004150
003BAA
003624
00306C
002A6C
002476
001E76
001830
00120E
000BC0
000594
1FFF26
1FF904
1FF286
1FEC7E
1FE62A
1FE018
1FDA00
1FD40C
1FCE34
1FC878
1FC2D4
1FBD6C
1FB808
1FB312
1FADF4
1FA94C
1FA4BE
1FA084
1F9C4C
1F9882
1F94FE
1F9188
1F8E92
1F8BAE
1F8942
1F86F4
1F8512
1F835E
1F8208
1F8128
1F8024
1F7FF4
1F7FBC
1F7FE4
1F8090
1F8124
1F826A
1F83CE
1F856C
1F879C
1F89BC
1F8C6C
1F8F5A
1F924C
1F95D8
1F996E
1F9D62
1FA17E
1FA5E6
1FAA6A
1FAF3C
1FB44C
1FB95C
1FBEC2
1FC440
1FC9D4
1FCFB8
1FD57A
1FDB88
1FE1A6
1FE7B2
1FEDFC
1FF43A
1FFA72
0000D4
00070E
000D5E
00139A
0019C0
001FF8
0025FC
002BEE
0031D8
00377A
003D28
0042BA
0047C4
004D28
0051DA
0056BC
005B54
005F76
0063AE
006778
006B22
006E50
00718A
007440
0076CE
0078EE
007B26
007C72
007DF4
007F06
007FAE
008024
00803A
008014
007F94
007EAC
007DC2
007C1A
007A88
007888
007618
0073B4
0070AE
006D9C
006A36
006684
0062AC
005E7C
005A16
0055A2
0050AA
004BE0
00467E
00414C
003BC4
003620
00304E
002A86
002478
001E62
00183A
00120E
000BDE
00055C
1FFF4E
1FF8E4
1FF2B2
1FEC5C
1FE63C
1FE008
1FDA0A
1FD412
1FCE2C
1FC876
1FC2D4
1FBD6C
1FB81C
1FB2E2
1FAE20
1FA946
1FA4BC
1FA072
1F9C54
1F9898
1F94DE
1F9194
1F8EA6
1F8B8E
1F894A
1F8700
1F8504
1F8376
1F81F2
1F8112
1F805E
1F7FC2
1F7FDA
1F7FE2
1F807A
1F812A
1F8278
1F83BC
1F8588
1F8782
1F89C6
1F8C70
1F8F3C
1F9270
1F95C2
1F9982
1F9D4A
1FA196
1FA5D0
1FAA6E
1FAF52
1FB434
1FB966
1FBEBC
1FC444
1FC9C8
1FCFCA
1FD574
1FDB82
1FE1AC
1FE7B4
1FEDF8
1FF43A
1FFA70
0000EA
0006F4
000D6A
001390
0019D2
001FF2
0025E6
002C0C
0031B8
003792
003D32
004298
0047DA
004D18
0051E6
0056C6
005B40
005F7C
0063B6
006772
006B1C
006E64
007174
00744C
0076D0
0078F2
007B0C
007C8A
007E00
007EEA
007FB2
008036
008036
008006
007F92
007EC6
007DA0
007C32
007A86
007870
007642
00738E
0070C2
006D92
006A46
00666C
0062C0
005E76
005A24
00557C
0050D2
004BC8
004694
00412C
003BE2
00360C
003066
002A7A
002468
001E7A
001830
001216
000BBA
00059C
1FFF1E
1FF8F6
1FF2A2
1FEC70
1FE624
1FE026
1FD9EA
1FD436
1FCE0E
1FC884
1FC2DA
1FBD58
1FB826
1FB2F0
1FAE08
1FA950
1FA4C2
1FA06C
1F9C58
1F989A
1F94D8
1F91A0
1F8E86
1F8BBA
1F8930
1F870C
1F84F6
1F8372
1F8210
1F8110
1F8038
1F7FDA
1F7FCE
1F7FFE
1F8050
1F8160
1F8246
1F83DC
1F857C
1F877C
1F89DA
1F8C5E
1F8F4C
1F925E
1F95D2
1F9974
1F9D5A
1FA186
1FA5CE
1FAA94
1FAF24
1FB44C
1FB95C
1FBEC2
1FC446
1FC9D0
1FCFBA
1FD56E
1FDBA4
1FE17E
1FE7D6
1FEDEE
1FF432
1FFA82
0000D0
000700
000D7A
001384
0019CA
001FF8
0025F0
002C00
0031C4
00378C
003D34
00428A
0047EC
004D18
0051E2
0056C4
005B36
005F90
0063A2
006784
006B0E
006E66
00717A
00744E
0076C2
007906
007AF4
007C92
007E00
007EFA
007FA0
008038
00803A
008006
007FA0
007EAA
007DAE
007C30
007A8E
00786A
007638
0073A0
0070B8
006D8E
006A42
00668C
006290
005E96
005A14
00558C
0050C4
004BC0
004696
00415A
003BA0
003644
003036
002A86
002488
001E52
00184A
001212
000BB0
00059A
1FFF2C
1FF8F0
1FF29E
1FEC80
1FE614
1FE022
1FDA0A
1FD406
1FCE3A
1FC85E
1FC2F4
1FBD50
1FB82A
1FB2E6
1FAE10
1FA94C
1FA4CA
1FA062
1F9C5E
1F988E
1F94F6
1F9180
1F8E9A
1F8BA6
1F8944
1F86FC
1F84FC
1F837E
1F820A
1F80F0
1F806C
1F7FB8
1F7FE4
1F7FD8
1F8090
1F8120
1F8266
1F83DC
1F855E
1F87A8
1F89BC
1F8C68
1F8F3E
1F9270
1F95D4
1F996C
1F9D4A
1FA1A6
1FA5B2
1FAAA2
1FAF20
1FB440
1FB972
1FBEBC
1FC438
1FC9DE
1FCFB2
1FD572
1FDB9C
1FE192
1FE7C4
1FEDEE
1FF442
1FFA76
0000C8
00071A
000D5A
001394
0019D0
001FEE
0025FE
002BEA
0031CE
003792
003D1E
0042A8
0047D6
004D22
0051E4
0056B4
005B3C
005FA8
00638E
00677A
006B10
006E78
00716E
00744A
0076CA
0078FC
007B04
007C92
007DE4
007F12
007F9E
00802E
008046
00800A
007F8A
007EBA
007DB0
007C2A
007A8A
007870
007642
007386
0070C8
006D96
006A3A
006678
0062BE
005E78
005A16
00558A
0050C8
004BCC
00468C
004142
003BD4
003612
003056
002A84
00246A
001E76
001838
001202
000BD4
000588
1FFF28
1FF8F6
1FF29E
1FEC62
1FE642
1FE012
1FDA02
1FD40C
1FCE28
1FC882
1FC2DA
1FBD58
1FB81C
1FB2FE
1FAE06
1FA93E
1FA4DA
1FA058
1F9C6C
1F987E
1F94F4
1F918C
1F8E92
1F8BBA
1F892A
1F8700
1F8512
1F8362
1F821A
1F80F0
1F8054
1F7FEC
1F7FAC
1F7FF4
1F8088
1F8124
1F8270
1F83C2
1F8588
1F876E
1F89E8
1F8C66
1F8F30
1F9278
1F95CA
1F9970
1F9D64
1FA16C
1FA5FA
1FAA6A
1FAF3C
1FB448
1FB956
1FBEBE
1FC448
1FC9E2
1FCFA0
1FD586
1FDB92
1FE17E
1FE7E4
1FEDEE
1FF426
1FFA88
0000CE
000710
000D56
0013A0
0019B8
002012
0025DC
002BFA
0031D2
003786
003D2A
00429C
0047EE
004CF8
005208
0056A2
005B5C
005F74
0063B8
006766
006B20
006E64
00717E
007440
0076CE
007906
007AF2
007C92
007E00
007EF2
007FAA
00803E
008026
008014
007FA6
007EA2
007DAA
007C30
007A9E
007870
00761A
0073A4
0070D4
006D72
006A5A
006674
0062A8
005E86
005A1C
005584
0050C8
004BC0
0046A4
004140
003BB2
003630
003064
002A54
002496
001E60
001844
001204
000BC6
000590
1FFF1E
1FF90A
1FF292
1FEC64
1FE64A
1FE000
1FD9F8
1FD432
1FCE14
1FC884
1FC2D2
1FBD6A
1FB806
1FB30A
1FAE0E
1FA932
1FA4D8
1FA06C
1F9C50
1F9896
1F94EC
1F918E
1F8E94
1F8BA4
1F8950
1F86E4
1F8518
1F8364
1F821A
1F80F4
1F8044
1F7FF4
1F7FC4
1F7FE0
1F806C
1F8158
1F823C
1F83EC
1F856E
1F8786
1F89DA
1F8C62
1F8F34
1F926A
1F95E4
1F9962
1F9D62
1FA17A
1FA5EE
1FAA66
1FAF36
1FB450
1FB968
1FBEBA
1FC426
1FCA02
1FCF8E
1FD5A0
1FDB72
1FE19A
1FE7D0
1FEDE4
1FF446
1FFA78
0000B8
000736
000D44
00139E
0019C8
001FE6
00260E
002BE8
0031C8
003798
003D1E
004294
0047F4
004D08
0051F4
0056B0
005B4C
005F8C
006398
006786
006B0E
006E6E
00716C
00745A
0076C4
0078FA
007B00
007C92
007DF8
007EF2
007FB8
00802C
00802C
008024
007F7E
007ECC
007DA2
007C28
007A8C
007872
00764A
00737A
0070CE
006D92
006A3A
00668A
0062A0
005E8C
005A0A
005598
0050C6
004BC0
00468A
00415C
003BB0
003622
003068
002A68
002484
001E5A
001852
0011FC
000BC8
000590
1FFF2A
1FF8EC
1FF2AC
1FEC60
1FE638
1FE00E
1FDA0E
1FD40E
1FCE26
1FC880
1FC2CC
1FBD6A
1FB822
1FB2E6
1FAE10
1FA94C
1FA4C2
1FA076
1F9C46
1F98A0
1F94DA
1F91AC
1F8E72
1F8BBC
1F8936
1F8710
1F84EC
1F837E
1F8208
1F80FC
1F8050
1F7FE8
1F7FB8
1F7FEC
1F807C
1F8134
1F8278
1F83A8
1F859A
1F876E
1F89E4
1F8C54
1F8F4A
1F926C
1F95CC
1F9974
1F9D58
1FA182
1FA5D4
1FAA92
1FAF24
1FB448
1FB968
1FBEAC
1FC45C
1FC9BA
1FCFCA
1FD574
1FDB88
1FE19A
1FE7C2
1FEDF6
1FF43C
1FFA78
0000CA
000718
000D56
0013A2
0019B2
002016
0025D4
002C0E
0031C2
00378E
003D26
00429C
0047EC
004D06
0051F8
0056B6
005B3E
005F8A
0063A4
006782
006B08
006E74
007172
007446
0076CE
007906
007AEC
007C9E
007DF8
007EE6
007FCE
00800E
008048
008008
007FA0
007EAE
007DAA
007C2C
007A94
00786E
007630
00739C
0070BE
006D92
006A3C
006694
00628C
005E92
005A26
00557A
0050C8
004BCA
004696
00413A
003BCA
003622
003058
002A78
002474
001E70
00183E
0011F6
000BEA
000578
1FFF22
1FF900
1FF2A2
1FEC5C
1FE642
1FE014
1FDA02
1FD406
1FCE34
1FC87C
1FC2D2
1FBD64
1FB820
1FB2F0
1FAE10
1FA94E
1FA4AE
1FA08A
1F9C4A
1F9890
1F94E8
1F919A
1F8E82
1F8BC2
1F8932
1F86F0
1F851E
1F835E
1F8214
1F80FC
1F8058
1F7FC8
1F7FD0
1F7FEC
1F807C
1F813C
1F8252
1F83D0
1F858C
1F8776
1F89CA
1F8C72
1F8F4E
1F924C
1F95E0
1F9970
1F9D50
1FA19A
1FA5CC
1FAA84
1FAF2E
1FB446
1FB966
1FBEBE
1FC43C
1FC9E2
1FCFAC
1FD576
1FDB98
1FE198
1FE7BE
1FEDEC
1FF44E
1FFA64
0000DA
00070E
000D68
001382
0019CE
001FFA
0025F6
002BF0
0031D2
003788
003D26
00429C
0047F2
004D02
0051F0
0056B2
005B56
005F72
0063BA
006768
006B26
006E5A
007182
007436
0076DA
007910
007AE0
007C96
007DFC
007F04
007FA2
00801E
00805A
007FFA
007F96
007EBC
007DAA
007C30
007A78
007894
00761E
007396
0070CA
006D96
006A34
006686
0062A4
005E82
005A22
005584
0050CA
004BC4
004694
00413C
003BCE
003628
003042
002A8A
00246C
001E80
001820
001224
000BB6
00059C
1FFF1C
1FF8E8
1FF2BE
1FEC66
1FE618
1FE02E
1FDA02
1FD3FE
1FCE3E
1FC872
1FC2D2
1FBD78
1FB804
1FB2F4
1FAE1A
1FA94A
1FA4B4
1FA076
1F9C62
1F987C
1F94EE
1F91AE
1F8E68
1F8BC4
1F8932
1F8712
1F84F2
1F836E
1F8218
1F80F0
1F805C
1F7FE0
1F7FB4
1F7FFC
1F8068
1F8150
1F8254
1F83CE
1F8570
1F8790
1F89E0
1F8C40
1F8F6A
1F9252
1F95CC
1F9984
1F9D48
1FA192
1FA5D2
1FAA7A
1FAF40
1FB43C
1FB96C
1FBEAA
1FC456
1FC9D0
1FCFB4
1FD56E
1FDBA8
1FE17C
1FE7E6
1FEDCC
1FF448
1FFA82
0000C2
00071E
000D54
001394
0019D0
001FE6
002606
002BF8
0031BE
003790
003D2A
00429C
0047E8
004D04
0051FA
0056BA
005B36
005F92
0063A8
006778
006B0C
006E72
007172
007444
0076E4
0078DA
007B22
007C7A
007DFE
007EEE
007FBC
008022
00804A
00800A
007F7C
007ED6
007D90
007C50
007A62
00788A
007644
007378
0070DA
006D7C
006A48
006686
00629C
005E8E
005A12
00559A
0050BC
004BBE
00469C
004144
003BC4
00361C
003060
002A72
00247A
001E66
001844
001204
000BD4
000570
1FFF46
1FF8E8
1FF2AA
1FEC5E
1FE63A
1FE010
1FDA0C
1FD408
1FCE2E
1FC87E
1FC2D0
1FBD70
1FB806
1FB2FC
1FAE18
1FA944
1FA4AE
1FA084
1F9C64
1F9874
1F94FE
1F9172
1F8EB4
1F8B92
1F8954
1F86F6
1F8500
1F8378
1F81FA
1F8114
1F804C
1F7FD0
1F7FC4
1F800C
1F804C
1F815A
1F8256
1F83C8
1F857E
1F877C
1F89E2
1F8C5E
1F8F34
1F9284
1F95BE
1F9974
1F9D5C
1FA188
1FA5D6
1FAA78
1FAF40
1FB436
1FB96C
1FBEC0
1FC436
1FC9EE
1FCF96
1FD594
1FDB7E
1FE1A4
1FE7B8
1FEDF2
1FF442
1FFA78
0000CC
000720
000D3E
0013AA
0019D0
001FEC
0025E8
002C0E
0031BA
00378E
003D3A
00428A
0047DE
004D22
0051F2
0056A8
005B4A
005F8E
00639C
006788
006B06
006E62
007198
007432
0076CA
0078FC
007B10
007C86
007DF4
007EF8
007FBC
00801C
00804A
007FFC
007FA6
007EA8
007DAE
007C34
007A8C
007862
00764C
007384
0070CC
006D94
006A2A
006692
0062B4
005E6A
005A1A
0055AA
0050A4
004BCA
00469E
004146
003BBA
003620
00305E
002A72
00248A
001E4E
001858
0011E4
000BFA
000554
1FFF60
1FF8D2
1FF2A2
1FEC7E
1FE622
1FE022
1FD9F0
1FD41C
1FCE32
1FC86C
1FC2E6
1FBD62
1FB800
1FB312
1FAE0A
1FA936
1FA4D6
1FA060
1F9C6C
1F9882
1F94DC
1F91AE
1F8E76
1F8BC6
1F8932
1F86F4
1F8516
1F8366
1F8204
1F8118
1F8038
1F7FF0
1F7FA8
1F8010
1F8054
1F8150
1F825E
1F83C2
1F8590
1F8772
1F89DA
1F8C5E
1F8F48
1F926E
1F95BC
1F9988
1F9D44
1FA194
1FA5D6
1FAA88
1FAF18
1FB45C
1FB962
1FBEA8
1FC45C
1FC9C0
1FCFC8
1FD56E
1FDB94
1FE186
1FE7E6
1FEDDC
1FF422
1FFAAE
0000AC
000716
000D60
0013A0
0019B6
001FFA
002606
002BE2
0031DA
00377C
003D30
0042AC
0047CA
004D1A
0051F8
0056B0
005B48
005F78
0063B6
006780
006B06
006E6E
007176
00744A
0076D0
0078F2
007AFE
007CA2
007DDE
007F22
007F84
00803E
00803A
008012
007F86
007EBE
007DB8
007C1A
007A96
007866
00764C
007388
0070BA
006DA6
006A2C
006680
0062BC
005E6A
005A22
0055A4
0050AA
004BC0
0046A4
004142
003BBC
00362E
00304E
002A74
00247C
001E68
001858
0011DC
000BEC
00057A
1FFF34
1FF8E6
1FF2A6
1FEC78
1FE626
1FE00E
1FDA1E
1FD3EC
1FCE48
1FC874
1FC2D0
1FBD60
1FB82C
1FB2E0
1FAE20
1FA938
1FA4CE
1FA06A
1F9C5C
1F987E
1F9502
1F918C
1F8E8A
1F8BBA
1F8926
1F8714
1F8506
1F8356
1F821C
1F810C
1F803C
1F7FE8
1F7FBC
1F7FEC
1F8084
1F812E
1F8268
1F83C2
1F8584
1F8794
1F89B0
1F8C72
1F8F46
1F9276
1F95AA
1F99A2
1F9D3C
1FA182
1FA5EA
1FAA72
1FAF32
1FB450
1FB958
1FBEC2
1FC434
1FC9F8
1FCF98
1FD582
1FDB8A
1FE1A8
1FE7B0
1FEDF0
1FF44A
1FFA70
0000D6
000710
000D56
001390
0019DC
001FF4
0025DC
002C06
0031D4
003784
003D1C
0042A6
0047F6
004CF6
0051F8
0056C0
005B30
005F9C
00639C
006782
006AFA
006E92
007154
00745A
0076C4
007918
007AD2
007CB8
007DDA
007F14
007F92
008046
00802E
00800A
007FA2
007EAE
007DA2
007C42
007A78
00787A
007644
00737A
0070D4
006D92
006A2C
00669C
006290
005E8E
005A20
005584
0050C4
004BC8
004698
004140
003BC2
003624
00305C
002A6C
00248E
001E44
001868
0011E8
000BE0
00057A
1FFF32
1FF8FA
1FF29E
1FEC62
1FE632
1FE024
1FD9FC
1FD406
1FCE3E
1FC872
1FC2D0
1FBD72
1FB812
1FB2EA
1FAE28
1FA92C
1FA4D6
1FA066
1F9C58
1F988A
1F94F6
1F9194
1F8E84
1F8BAC
1F8954
1F86DE
1F851E
1F8362
1F820C
1F810C
1F8040
1F7FF4
1F7FA4
1F7FFC
1F807E
1F8148
1F822E
1F83FA
1F856C
1F8790
1F89B4
1F8C8E
1F8F26
1F9278
1F95BC
1F9984
1F9D62
1FA166
1FA5F2
1FAA6E
1FAF48
1FB424
1FB98E
1FBE94
1FC460
1FC9C2
1FCFBE
1FD57E
1FDB80
1FE1B0
1FE7AC
1FEDF0
1FF446
1FFA88
0000B4
00071C
000D58
00139E
0019C8
001FEE
0025FC
002BE8
0031E2
00377C
003D34
00428E
0047EC
004D14
0051E6
0056BC
005B40
005F96
006396
006782
006B16
006E68
00715C
007474
0076BC
0078F4
007B04
007C92
007DF2
007F06
007FA0
00803A
00802A
00801A
007F8E
007EBE
007D9A
007C42
007A7C
007872
007654
007362
0070F4
006D6E
006A56
006668
0062BE
005E7A
005A1A
005594
0050BC
004BCE
004690
00413C
003BD2
00361A
003050
002A96
002454
001E78
001840
001210
000BAA
0005B2
1FFF14
1FF8F6
1FF2A2
1FEC64
1FE644
1FE00A
1FDA02
1FD40E
1FCE38
1FC882
1FC2AE
1FBD8A
1FB816
1FB2E4
1FAE18
1FA93E
1FA4D4
1FA064
1F9C60
1F9888
1F94E8
1F919E
1F8E88
1F8BA6
1F8958
1F86DC
1F850E
1F8378
1F8210
1F80FE
1F8044
1F7FE8
1F7FC0
1F7FE4
1F8080
1F8146
1F8250
1F83C2
1F8590
1F8788
1F89CC
1F8C5C
1F8F4E
1F925C
1F95DC
1F9964
1F9D6E
1FA186
1FA5B2
1FAAAA
1FAF1C
1FB450
1FB952
1FBEC8
1FC448
1FC9DA
1FCF98
1FD594
1FDB8A
1FE19A
1FE7AA
1FEE16
1FF42E
1FFA70
0000CE
00071A
000D56
0013A0
0019C4
001FF2
0025F6
002BF6
0031CC
003794
003D1C
00429A
0047EE
004D0E
0051F0
0056B0
005B50
005F78
0063BA
006766
006B28
006E50
00718C
00744C
0076B8
00790C
007AF8
007C96
007DE4
007F14
007FA2
008024
00804C
00800C
007F80
007ECA
007D98
007C4A
007A76
007874
007630
007396
0070F0
006D52
006A50
006694
006298
005E82
005A24
005594
0050AA
004BD4
00469C
004134
003BD0
003620
00304C
002A8C
00246C
001E72
001832
00120A
000BDA
000574
1FFF3A
1FF8EE
1FF2A4
1FEC60
1FE64E
1FDFF2
1FDA14
1FD418
1FCE22
1FC880
1FC2CE
1FBD76
1FB7F4
1FB31E
1FADF4
1FA950
1FA4C2
1FA070
1F9C62
1F9878
1F94FE
1F917E
1F8EA4
1F8BAA
1F893E
1F86E4
1F8538
1F833E
1F822A
1F80EC
1F806C
1F7FBC
1F7FCC
1F8000
1F8064
1F8146
1F8256
1F83C4
1F858A
1F8792
1F89B8
1F8C6C
1F8F46
1F9270
1F95C0
1F9978
1F9D5E
1FA17E
1FA5E2
1FAA6E
1FAF40
1FB448
1FB956
1FBECC
1FC42C
1FC9EE
1FCFA6
1FD58E
1FDB70
1FE1AE
1FE7B4
1FEE0C
1FF41A
1FFA9E
0000A4
000728
000D5E
00139C
0019C0
001FF6
0025E6
002C12
0031B8
003798
003D14
0042BA
0047CE
004D12
0051F4
0056B8
005B44
005F8E
006396
006786
006B14
006E60
007180
007436
0076FA
0078D0
007B0A
007C96
007DF8
007EF4
007FB0
00802A
00803C
008018
007F92
007EA8
007DAC
007C3E
007A7C
00787A
007634
00739A
0070C0
006D8E
006A32
00669A
006298
005E82
005A24
005590
0050A4
004BF4
00466E
004154
003BCC
003608
003078
002A5C
00248A
001E5A
001850
0011F4
000BDC
000578
1FFF38
1FF8F6
1FF294
1FEC72
1FE636
1FE00E
1FDA18
1FD3E2
1FCE62
1FC850
1FC2F2
1FBD5E
1FB80E
1FB304
1FADF6
1FA95C
1FA4C2
1FA060
1F9C6E
1F987C
1F94F8
1F9188
1F8E9C
1F8B98
1F8956
1F86E8
1F851E
1F8352
1F821E
1F80F8
1F805C
1F7FD0
1F7FC8
1F7FE0
1F8090
1F8128
1F8264
1F83D6
1F8572
1F877C
1F89D8
1F8C74
1F8F38
1F9262
1F95D2
1F997C
1F9D48
1FA190
1FA5E4
1FAA66
1FAF48
1FB430
1FB974
1FBEBA
1FC438
1FC9DA
1FCFB6
1FD586
1FDB7A
1FE1A0
1FE7D2
1FEDD2
1FF450
1FFA78
0000C2
00072A
000D3E
0013BC
00199C
00201A
0025DE
002C04
0031BE
003794
003D2E
004290
0047EC
004D0A
0051F8
0056BA
005B2E
005FAA
006384
00678E
006B16
006E5A
007188
007442
0076BC
00791A
007AF8
007C7A
007E08
007EFE
007FA6
008036
00802A
00801E
007F7E
007ED4
007D96
007C38
007A78
007896
007618
0073A8
0070AA
006DB6
006A22
00668C
006298
005E96
005A10
005594
0050C0
004BCA
00468A
004156
003BB8
003614
003074
002A64
00248A
001E5E
001830
001222
000BC4
000580
1FFF36
1FF8E8
1FF2B0
1FEC5C
1FE630
1FE028
1FD9F2
1FD412
1FCE3E
1FC864
1FC2D8
1FBD7C
1FB802
1FB2FA
1FAE16
1FA936
1FA4D2
1FA06E
1F9C56
1F9894
1F94DC
1F919E
1F8E88
1F8BC2
1F8918
1F8722
1F84EE
1F8384
1F81EC
1F8118
1F8058
1F7FC0
1F7FD4
1F8004
1F8038
1F8178
1F824C
1F83BE
1F858C
1F877C
1F89D6
1F8C64
1F8F40
1F9274
1F95C4
1F9974
1F9D52
1FA190
1FA5E8
1FAA52
1FAF5E
1FB426
1FB978
1FBEB6
1FC43E
1FC9E6
1FCF92
1FD592
1FDB94
1FE184
1FE7D6
1FEDDA
1FF454
1FFA64
0000E2
000702
000D5C
0013A0
0019D2
001FD6
002612
002BE4
0031D4
003794
003D1E
004290
0047F4
004D12
0051E8
0056BA
005B4A
005F7E
0063A4
006786
006B0E
006E66
007174
007452
0076D0
0078E6
007B14
007C82
007E00
007EF8
007FB2
008016
008062
007FEC
007FA6
007EB0
007DA6
007C3C
007A84
00786A
007640
007394
0070C2
006D96
006A2C
006696
00629E
005E82
005A12
0055A4
0050B6
004BC0
0046A8
004126
003BDA
00361C
003056
002A7E
00246C
001E78
001828
001226
000BBE
00056E
1FFF4E
1FF8EE
1FF29A
1FEC64
1FE648
1FDFFE
1FDA10
1FD40C
1FCE34
1FC866
1FC2EE
1FBD58
1FB81C
1FB2FA
1FADFE
1FA95A
1FA4AA
1FA094
1F9C3C
1F989E
1F94D6
1F91AC
1F8E80
1F8BAC
1F8948
1F86F2
1F8514
1F8356
1F8228
1F80EC
1F8062
1F7FD4
1F7FBC
1F7FF4
1F8068
1F815C
1F8242
1F83D2
1F8584
1F877C
1F89DC
1F8C4C
1F8F66
1F9252
1F95D2
1F9982
1F9D3E
1FA194
1FA5E0
1FAA72
1FAF38
1FB446
1FB95C
1FBEC8
1FC436
1FC9E0
1FCFB2
1FD57C
1FDB88
1FE1A4
1FE7B2
1FEE06
1FF422
1FFA96
0000B6
00071C
000D5E
001398
0019C2
001FFA
0025F2
002BF0
0031D8
003784
003D2C
004296
0047EC
004D1C
0051C6
0056E2
005B30
005F8E
0063A6
00677A
006B0C
006E86
007144
007476
0076B6
007906
007AF2
007CAA
007DD8
007F18
007F98
00802E
00804A
007FFA
007FA8
007EA6
007DA8
007C4A
007A5C
0078A6
00760C
0073B2
0070B4
006DA0
006A18
0066B0
006282
005E9A
005A16
00558A
0050C0
004BD2
004688
00414C
003BB8
00362C
003054
002A80
002462
001E84
00182E
00121A
000BB4
00058E
1FFF32
1FF8F0
1FF2A6
1FEC66
1FE634
1FE012
1FDA04
1FD420
1FCE16
1FC880
1FC2DA
1FBD62
1FB81C
1FB2FA
1FAE04
1FA94A
1FA4CC
1FA062
1F9C68
1F9880
1F94FA
1F9176
1F8EA8
1F8BAA
1F8942
1F86F0
1F850C
1F836A
1F8206
1F8110
1F8058
1F7FB4
1F7FE0
1F7FF8
1F805C
1F814E
1F8252
1F83D4
1F8576
1F8792
1F89CC
1F8C58
1F8F52
1F9264
1F95D4
1F9968
1F9D62
1FA17E
1FA5DE
1FAA7E
1FAF38
1FB43C
1FB962
1FBECC
1FC430
1FC9E6
1FCFA4
1FD58C
1FDB7C
1FE1B2
1FE7A4
1FEE04
1FF438
1FFA72
0000CE
000728
000D42
0013A2
0019C8
001FF4
0025F8
002BF0
0031D8
00377A
003D36
004298
0047E2
004D12
0051F2
0056B6
005B36
005FAA
006386
00678A
006B0A
006E6E
00717E
007436
0076D6
007902
007AEE
007CAC
007DE0
007EFE
007FBA
00801E
008036
008030
007F6A
007ED0
007D94
007C58
007A64
00787C
00763C
00739E
0070AC
006DAA
006A2A
006690
006296
005E94
005A18
00557E
0050DE
004BA0
0046BC
00412E
003BCA
003616
00306C
002A60
002486
001E7C
001812
00122A
000BBE
000592
1FFF1C
1FF8F8
1FF2AE
1FEC5C
1FE640
1FE002
1FDA1C
1FD3EE
1FCE50
1FC86A
1FC2D2
1FBD64
1FB830
1FB2D4
1FAE1A
1FA94E
1FA4C4
1FA06C
1F9C52
1F9894
1F94E8
1F9192
1F8E90
1F8BB4
1F893C
1F86F0
1F8518
1F8360
1F820A
1F8114
1F803C
1F7FE4
1F7FC4
1F7FEC
1F8070
1F8150
1F8250
1F83C6
1F8598
1F875C
1F89F2
1F8C68
1F8F30
1F925A
1F95F6
1F995E
1F9D5C
1FA190
1FA5CA
1FAA78
1FAF48
1FB442
1FB95E
1FBEBC
1FC430
1FCA06
1FCF7E
1FD59A
1FDB86
1FE19C
1FE7CC
1FEDD0
1FF454
1FFA7E
0000B6
000734
000D3A
0013A2
0019DA
001FE4
0025F4
002BFC
0031D2
00377E
003D26
0042B4
0047D0
004D10
0051FE
0056A8
005B40
005FA0
006394
00677E
006B16
006E62
007184
007438
0076D2
007902
007AFC
007C8C
007DFA
007EFA
007FB4
008026
008024
00803C
007F7E
007EAC
007DB0
007C48
007A58
0078A2
007628
007384
0070D0
006D8E
006A46
006674
0062B2
005E82
005A14
005594
0050BE
004BBC
0046AE
004126
003BDE
003616
003050
002A84
002474
001E68
001844
001200
000BD0
000588
1FFF22
1FF90E
1FF288
1FEC70
1FE634
1FE018
1FDA02
1FD40E
1FCE38
1FC862
1FC2F2
1FBD52
1FB822
1FB2F8
1FADF6
1FA962
1FA4BC
1FA06A
1F9C58
1F9898
1F94CE
1F91C2
1F8E64
1F8BC6
1F892C
1F8710
1F8500
1F836C
1F8202
1F8116
1F8038
1F7FF4
1F7FB0
1F7FFC
1F8068
1F8144
1F8260
1F83C0
1F858E
1F8776
1F89D6
1F8C6C
1F8F32
1F927E
1F95B6
1F998A
1F9D4E
1FA182
1FA5E4
1FAA7E
1FAF34
1FB43E
1FB958
1FBED2
1FC438
1FC9DE
1FCFA8
1FD580
1FDB96
1FE188
1FE7D6
1FEDE0
1FF44A
1FFA78
0000B8
000728
000D56
00139C
0019B6
002010
0025E0
002BF0
0031E0
003788
003D22
0042A0
0047D6
004D22
0051F2
0056B0
005B2E
005FA8
00639A
006784
006AFE
006E7A
007176
007444
0076D0
0078F8
007B00
007C98
007DE8
007F0A
007FAE
008012
00805A
008008
007F88
007EC8
007D96
007C3A
007A86
007878
007634
007390
0070DC
006D6E
006A56
00666E
0062B2
005E7C
005A32
005584
0050B0
004BC6
0046AA
004140
003BB8
003620
003064
002A76
002468
001E8A
001812
00122E
000BC0
00057A
1FFF3C
1FF8E4
1FF2B8
1FEC54
1FE63E
1FE00C
1FDA0E
1FD40A
1FCE32
1FC868
1FC2E4
1FBD68
1FB810
1FB300
1FAE0A
1FA92E
1FA4E0
1FA06E
1F9C4A
1F9894
1F94F4
1F917C
1F8EA4
1F8BA8
1F8940
1F86F4
1F8518
1F8356
1F8228
1F80DC
1F807A
1F7FBC
1F7FD4
1F7FE0
1F8070
1F8158
1F8256
1F83C2
1F8584
1F8774
1F89E6
1F8C5C
1F8F3E
1F9272
1F95CC
1F996C
1F9D64
1FA174
1FA5EC
1FAA74
1FAF38
1FB442
1FB96A
1FBEB4
1FC44A
1FC9C8
1FCFCA
1FD56A
1FDBA4
1FE180
1FE7C6
1FEE02
1FF42A
1FFA8A
0000C0
000716
000D62
001386
0019E4
001FE0
0025FA
002BF2
0031CC
00378E
003D32
004284
0047FE
004CFC
005202
0056A4
005B54
005F7A
0063B8
00675C
006B36
006E5E
00716E
007452
0076C2
007906
007AF8
007C90
007E1C
007EC6
007FB4
00804E
00801C
00801A
007F92
007EB0
007DAA
007C50
007A52
0078A2
00761E
0073A6
0070A8
006DAA
006A32
006680
0062AC
005E88
005A1A
005588
0050B2
004BE4
004682
00414E
003BC6
00360C
003074
002A60
00248E
001E52
001850
00120A
000BBA
00058C
1FFF2E
1FF900
1FF296
1FEC66
1FE638
1FE01A
1FD9FE
1FD404
1FCE48
1FC868
1FC2CA
1FBD88
1FB7F6
1FB31C
1FADEE
1FA94A
1FA4CC
1FA06A
1F9C68
1F987E
1F94E6
1F91A6
1F8E7C
1F8BB2
1F8958
1F86C8
1F8524
1F8378
1F8200
1F8100
1F8054
1F7FCC
1F7FDC
1F7FD4
1F8090
1F812C
1F825E
1F83CE
1F8588
1F8770
1F89E8
1F8C54
1F8F42
1F927A
1F95BE
1F9974
1F9D60
1FA184
1FA5D4
1FAA7A
1FAF52
1FB414
1FB98E
1FBEAA
1FC442
1FC9D8
1FCFB2
1FD576
1FDB90
1FE1A4
1FE7C0
1FEDE4
1FF442
1FFA82
0000B6
000728
000D58
00139A
0019C2
001FFC
0025E8
002BFA
0031D6
00378A
003D1E
0042A6
0047DE
004D18
0051D8
0056D8
005B28
005F98
0063A6
00677A
006B08
006E70
007174
00745C
0076B0
00790C
007AFC
007C92
007DF8
007EF0
007FC0
00801A
008034
008036
007F70
007EC6
007DA0
007C38
007A8A
00786C
007636
0073A0
0070B4
006D9E
006A3E
00666C
0062BA
005E90
005A04
005590
0050D4
004BA8
0046B4
004138
003BC0
00361E
00305C
002A7E
00247C
001E5C
001846
001200
000BCE
00058A
1FFF2E
1FF8EC
1FF2B0
1FEC62
1FE630
1FE012
1FDA0C
1FD402
1FCE44
1FC864
1FC2E0
1FBD66
1FB80E
1FB300
1FAE06
1FA94C
1FA4C6
1FA06C
1F9C4E
1F98AA
1F94C2
1F91B8
1F8E7A
1F8BB6
1F893C
1F8704
1F84F4
1F8376
1F8216
1F80FC
1F804C
1F7FD0
1F7FE4
1F7FD4
1F8078
1F8140
1F826A
1F83B6
1F8590
1F8778
1F89D4
1F8C68
1F8F4A
1F925E
1F95BE
1F9994
1F9D48
1FA190
1FA5C4
1FAA90
1FAF3C
1FB422
1FB986
1FBEAC
1FC444
1FC9E2
1FCFA0
1FD590
1FDB7E
1FE19C
1FE7CA
1FEDE2
1FF44C
1FFA72
0000CC
00071C
000D52
001394
0019CC
001FFE
0025EA
002BFC
0031C4
003798
003D22
004296
0047F6
004CFA
0051EE
0056D2
005B2C
005F96
00639C
00678C
006AFA
006E7A
00716E
007450
0076BE
00791E
007ADA
007CA2
007DFA
007EEA
007FC2
00801E
008042
008004
007F96
007ECC
007D92
007C3C
007A80
00787E
007634
007394
0070C4
006D8E
006A3A
006684
0062AA
005E82
005A1C
005592
0050BC
004BC4
004690
00415A
003BA8
003634
003050
002A6C
002496
001E56
001836
00121E
000BBA
000590
1FFF28
1FF8F2
1FF2A2
1FEC70
1FE62C
1FE012
1FDA0A
1FD412
1FCE28
1FC876
1FC2DA
1FBD64
1FB81A
1FB2FA
1FAE08
1FA940
1FA4CE
1FA066
1F9C5E
1F9892
1F94EA
1F9184
1F8E9A
1F8BB2
1F893C
1F86EE
1F851E
1F834E
1F822A
1F8106
1F8032
1F7FD8
1F7FF0
1F7FC0
1F8084
1F813C
1F826A
1F83C4
1F8576
1F878C
1F89D8
1F8C50
1F8F5A
1F925C
1F95C4
1F9984
1F9D5C
1FA178
1FA5E6
1FAA6A
1FAF44
1FB444
1FB95C
1FBEC0
1FC43A
1FC9EE
1FCFA4
1FD574
1FDB9C
1FE190
1FE7CE
1FEDE8
1FF434
1FFA84
0000D4
000702
000D5C
0013A6
0019C4
001FEC
0025F8
002BFC
0031C2
00379E
003D10
0042B2
0047D8
004D0A
005206
0056AC
005B38
005F94
0063A8
00677C
006B00
006E78
007180
00742E
0076E0
007904
007AD8
007CC6
007DD4
007EFE
007FBE
00801A
00803E
00801A
007F82
007EC8
007D9A
007C3C
007A80
007878
007634
007392
0070C4
006D9A
006A34
00668C
006290
005E96
005A1E
005592
0050AE
004BCA
0046A6
004136
003BCA
003612
003074
002A5A
002498
001E4C
001850
0011F2
000BEE
000568
1FFF32
1FF904
1FF28C
1FEC6E
1FE644
1FE00A
1FD9FA
1FD41E
1FCE28
1FC872
1FC2DE
1FBD70
1FB7FE
1FB310
1FADF4
1FA964
1FA4AA
1FA07C
1F9C54
1F988A
1F94F2
1F918C
1F8E96
1F8BAE
1F893A
1F86F4
1F851E
1F834E
1F8228
1F80F4
1F8058
1F7FC8
1F7FD4
1F7FE4
1F8080
1F8132
1F8270
1F83B6
1F8588
1F878A
1F89C6
1F8C6E
1F8F40
1F926C
1F95C6
1F9982
1F9D4E
1FA18A
1FA5D8
1FAA7A
1FAF40
1FB432
1FB974
1FBEB0
1FC44C
1FC9C8
1FCFCC
1FD568
1FDB98
1FE190
1FE7CA
1FEDE8
1FF440
1FFA82
0000B8
00072A
000D4E
001394
0019DA
001FE4
002600
002BE8
0031D8
00378A
003D26
0042A4
0047D2
004D1E
0051F0
0056B6
005B34
005FAE
006386
006780
006B12
006E6C
007186
007436
0076D4
0078F0
007B16
007C8A
007DE6
007F06
007FAC
00803A
00801E
00802C
007F7A
007ED0
007D92
007C3C
007A7C
007882
00763C
007388
0070C2
006D8E
006A4A
006684
00629C
005E7A
005A34
005582
0050BC
004BD0
004694
004132
003BDA
003618
003060
002A6C
00246A
001E9A
001816
001210
000BD0
00057E
1FFF36
1FF8EA
1FF2AA
1FEC6A
1FE62E
1FE014
1FDA06
1FD406
1FCE44
1FC85E
1FC2EE
1FBD54
1FB81C
1FB302
1FAE00
1FA940
1FA4D4
1FA06A
1F9C4C
1F98AA
1F94D2
1F91A0
1F8E82
1F8BB6
1F8952
1F86D2
1F8528
1F8358
1F8216
1F810C
1F803C
1F7FF4
1F7FA0
1F800C
1F8060
1F815C
1F823C
1F83DA
1F8580
1F8784
1F89CE
1F8C68
1F8F3E
1F926E
1F95CE
1F9962
1F9D7A
1FA170
1FA5D8
1FAA82
1FAF36
1FB448
1FB94E
1FBEDA
1FC434
1FC9D2
1FCFB4
1FD58A
1FDB7C
1FE1B2
1FE794
1FEE1E
1FF42E
1FFA68
0000E0
000710
000D62
001380
0019E4
001FE0
002600
002BF2
0031CA
003790
003D2E
004290
0047E0
004D18
0051F0
0056C2
005B34
005F92
006396
00678C
006B0C
006E70
007160
007474
00769E
007920
007AE2
007CA4
007DEE
007F02
007FB0
008000
008098
007FB6
007FBA
007EBA
007D94
007C4A
007A6A
007894
007622
00739C
0070C6
006D84
006A44
006690
00629C
005E7E
005A26
00557A
0050DA
004BBE
004696
00413A
003BCA
003624
003058
002A70
00247A
001E70
001836
00121E
000BB2
00057E
1FFF46
1FF8F8
1FF284
1FEC76
1FE646
1FDFF2
1FDA24
1FD3FA
1FCE44
1FC864
1FC2E6
1FBD50
1FB826
1FB302
1FADFE
1FA942
1FA4C8
1FA078
1F9C56
1F9890
1F94D4
1F91B2
1F8E6C
1F8BD6
1F8924
1F86FA
1F851A
1F8364
1F8204
1F810C
1F804C
1F7FDC
1F7FC0
1F7FF4
1F806C
1F814A
1F8258
1F83B4
1F85A4
1F8774
1F89C8
1F8C74
1F8F40
1F9262
1F95C6
1F998E
1F9D46
1FA188
1FA5DC
1FAA82
1FAF24
1FB464
1FB93E
1FBEDA
1FC428
1FC9F8
1FCF96
1FD58C
1FDB88
1FE19E
1FE7B2
1FEE06
1FF43A
1FFA70
0000C8
000724
000D48
0013B0
0019B0
001FFE
0025F4
002BF4
0031CA
00379E
003D08
0042BA
0047CE
004D1C
0051F0
0056AC
005B54
005F80
00639E
00678A
006B04
006E70
007180
007432
0076E8
0078F8
007AEA
007CA0
007DFA
007EEE
007FB8
00802A
008030
00801A
007F90
007EBE
007D9A
007C40
007A7C
007880
007632
007392
0070BC
006DA2
006A36
006678
0062B8
005E76
005A1E
00558E
0050CA
004BBA
0046AA
00411E
003BE6
003610
003058
002A8C
00245A
001E7C
001842
0011FE
000BCC
000588
1FFF2E
1FF8FC
1FF28C
1FEC7A
1FE634
1FE004
1FDA10
1FD416
1FCE2A
1FC866
1FC2F6
1FBD44
1FB83C
1FB2DE
1FAE16
1FA93E
1FA4CC
1FA06A
1F9C6E
1F986A
1F9502
1F9192
1F8E84
1F8BB6
1F894E
1F86D2
1F852E
1F8362
1F8200
1F810C
1F8054
1F7FDC
1F7FBE
1F7FDE
1F808E
1F812E
1F826C
1F83C0
1F8584
1F8780
1F89CE
1F8C70
1F8F3A
1F926C
1F95C8
1F9972
1F9D60
1FA18C
1FA5D4
1FAA76
1FAF3A
1FB43C
1FB976
1FBEAA
1FC458
1FC9BE
1FCFC0
1FD57E
1FDB86
1FE198
1FE7C2
1FEE02
1FF42E
1FFA70
0000E2
00070E
000D56
001394
0019CC
001FF4
0025FA
002BFE
0031B2
0037A6
003D0C
0042C4
0047C2
004D1A
0051F8
0056B2
005B40
005F90
006398
00678E
006B02
006E72
007184
007424
0076FA
0078DC
007B02
007CA0
007DE6
007F04
007FB0
008024
00803E
007FFC
007FBC
007EA0
007D94
007C4E
007A84
00786A
00763A
0073A0
0070AC
006DA2
006A36
00668C
006294
005E90
005A20
005584
0050B8
004BDE
004682
00414C
003BBC
00362C
003054
002A7C
002474
001E60
00184E
0011FC
000BDE
00056E
1FFF3A
1FF8F0
1FF2A6
1FEC6E
1FE620
1FE028
1FDA02
1FD3FA
1FCE54
1FC85A
1FC2DE
1FBD68
1FB816
1FB2FA
1FAE0E
1FA93A
1FA4D2
1FA066
1F9C58
1F989E
1F94D2
1F91B0
1F8E6E
1F8BB8
1F8954
1F86E8
1F84FC
1F838A
1F81F6
1F8110
1F8048
1F7FD4
1F7FD0
1F7FF0
1F8060
1F815C
1F8254
1F83BE
1F8590
1F8774
1F89DE
1F8C5A
1F8F52
1F9250
1F95E0
1F997A
1F9D4E
1FA184
1FA5DE
1FAA70
1FAF44
1FB446
1FB958
1FBED2
1FC418
1FCA04
1FCF90
1FD59A
1FDB82
1FE194
1FE7BA
1FEE06
1FF432
1FFA76
0000D2
000714
000D4E
0013A8
0019C8
001FEE
0025F2
002C06
0031B4
0037A2
003D1E
0042A2
0047D8
004D1C
0051EE
0056B4
005B3E
005F8A
0063A6
006780
006B14
006E62
007184
007442
0076BA
00791A
007AEA
007CA0
007DEC
007EF0
007FC0
008024
008040
00800A
007F8E
007EBE
007DA6
007C36
007A84
00786C
00764C
007384
0070CC
006D8A
006A36
006694
006296
005E92
005A0E
00559A
0050B6
004BCE
00468E
00414A
003BC0
003620
00305E
002A70
002480
001E66
00183A
00120A
000BD2
000576
1FFF42
1FF8E4
1FF2A8
1FEC62
1FE63A
1FE014
1FDA0C
1FD3FA
1FCE44
1FC864
1FC2E6
1FBD5E
1FB81C
1FB2F2
1FAE16
1FA93E
1FA4C2
1FA074
1F9C5A
1F988C
1F94E6
1F9198
1F8E84
1F8BC8
1F8924
1F8704
1F8504
1F836C
1F821E
1F80F0
1F804C
1F7FEC
1F7FB0
1F7FFC
1F806C
1F8144
1F825C
1F83CA
1F857C
1F878E
1F89BE
1F8C7C
1F8F3E
1F9258
1F95DA
1F9976
1F9D52
1FA188
1FA5D8
1FAA7A
1FAF46
1FB432
1FB968
1FBEC6
1FC42E
1FC9F0
1FCF96
1FD596
1FDB80
1FE19A
1FE7BC
1FEE04
1FF422
1FFA8A
0000CE
00070A
000D64
001388
0019DA
001FF0
0025F8
002BE4
0031DC
00378A
003D2E
00428A
0047F2
004D0A
0051F2
0056BE
005B3A
005F92
006398
00678C
006B04
006E6E
00716E
007470
00769E
007906
007B12
007C7C
007E02
007EFE
007FA2
008036
008032
008012
007F92
007EBE
007D98
007C4E
007A6C
007872
007658
007382
0070AE
006DB4
006A22
006698
0062A2
005E6C
005A38
00557E
0050CE
004BB6
00469E
004142
003BC2
003630
003044
002A86
00246C
001E72
001836
001210
000BD2
00057C
1FFF2E
1FF8E8
1FF2BA
1FEC56
1FE640
1FE00A
1FDA08
1FD40E
1FCE32
1FC870
1FC2E4
1FBD56
1FB816
1FB310
1FADEE
1FA95E
1FA4B8
1FA06E
1F9C60
1F987E
1F94FE
1F9180
1F8EAC
1F8B8A
1F8954
1F86F6
1F8512
1F8358
1F8218
1F8110
1F8030
1F7FF4
1F7FB8
1F7FFC
1F8064
1F8148
1F8262
1F83C2
1F857C
1F878E
1F89C6
1F8C76
1F8F38
1F925A
1F95EA
1F995C
1F9D70
1FA178
1FA5D4
1FAA84
1FAF32
1FB442
1FB970
1FBEB0
1FC450
1FC9C4
1FCFBC
1FD57E
1FDB8A
1FE1A4
1FE7AA
1FEE0A
1FF42C
1FFA7E
0000C8
00071C
000D60
001388
0019D0
001FF6
002600
002BD6
0031F0
003768
003D52
004274
004804
004CEE
00521E
005688
005B60
005F82
0063A6
006776
006B26
006E54
007182
007436
0076F0
0078E8
007AFE
007C8C
007DFC
007F02
007FA8
00802A
00802E
00803E
007F5C
007ECA
007DC4
007C0A
007A9A
00786E
007642
007394
0070AE
006DAC
006A20
0066A4
00628C
005E92
005A10
005598
0050B6
004BD8
004688
004140
003BCE
00361A
003060
002A6C
002488
001E54
00184A
001218
000BB6
00058E
1FFF28
1FF8FA
1FF2A4
1FEC60
1FE63E
1FE00E
1FDA0C
1FD3FA
1FCE46
1FC870
1FC2C8
1FBD7E
1FB7FE
1FB31E
1FADD4
1FA96C
1FA4BC
1FA07C
1F9C4C
1F9882
1F94FE
1F918A
1F8EA0
1F8B8E
1F8956
1F86F4
1F8518
1F8346
1F8226
1F8110
1F8030
1F7FF8
1F7FB0
1F7FF4
1F806C
1F814E
1F8260
1F83AE
1F859C
1F877A
1F89D6
1F8C56
1F8F58
1F9250
1F95E6
1F9968
1F9D5C
1FA17E
1FA5F0
1FAA5E
1FAF52
1FB42A
1FB972
1FBEC8
1FC424
1FC9EE
1FCFAC
1FD57C
1FDB9A
1FE17E
1FE7D6
1FEDEC
1FF432
1FFA98
0000A0
000730
000D5A
001392
0019C0
002004
0025F6
002BDA
0031F0
003776
003D28
0042AC
0047D6
004D14
0051F2
0056B4
005B48
005F7A
0063C0
00675C
006B2E
006E56
007186
00742E
0076F2
0078EA
007AFA
007C90
007E08
007EEC
007FBE
00800E
008058
008002
007F9A
007EAA
007DB2
007C30
007A90
00785A
007654
00738C
0070AE
006DBC
006A0A
00669C
0062AE
005E74
005A30
00556C
0050DA
004BBE
00469E
004136
003BCE
003614
003060
002A76
002490
001E3E
00185C
0011F8
000BDC
00057A
1FFF2A
1FF900
1FF28C
1FEC82
1FE62E
1FE014
1FD9F8
1FD416
1FCE30
1FC87C
1FC2D2
1FBD60
1FB822
1FB2F0
1FAE16
1FA93C
1FA4C2
1FA074
1F9C60
1F9882
1F94EA
1F91A4
1F8E78
1F8BC6
1F8930
1F86F6
1F850E
1F8374
1F81F4
1F8120
1F8038
1F7FEC
1F7FA8
1F800C
1F8064
1F8154
1F8240
1F83E0
1F8576
1F8782
1F89D4
1F8C6E
1F8F28
1F9284
1F95CC
1F9952
1F9D7E
1FA178
1FA5E2
1FAA64
1FAF54
1FB42A
1FB97E
1FBEA6
1FC442
1FC9EA
1FCFA6
1FD584
1FDB7E
1FE1A2
1FE7C2
1FEDFC
1FF420
1FFA92
0000C6
000708
000D74
001380
0019D2
001FF6
0025EA
002BFC
0031DA
003778
003D30
0042A0
0047DC
004D12
0051F0
0056BA
005B40
005F94
006390
006792
006B0A
006E62
00717A
007458
0076BA
007908
007AF8
007C94
007DF6
007EF2
007FC6
008006
00805E
007FFE
007F92
007ECA
007D88
007C52
007A76
007868
007648
00739C
0070AE
006DAC
006A14
0066AC
006288
005E94
005A14
005596
0050BA
004BC6
00469C
004134
003BD6
00360A
003070
002A70
002472
001E64
001854
0011F2
000BD6
000588
1FFF1E
1FF90E
1FF284
1FEC82
1FE62E
1FDFFC
1FDA20
1FD412
1FCE14
1FC88E
1FC2D0
1FBD6A
1FB80C
1FB308
1FADE4
1FA976
1FA4B2
1FA066
1F9C66
1F9880
1F94EE
1F91A8
1F8E72
1F8BB8
1F8940
1F86FC
1F8508
1F8376
1F81FE
1F810C
1F8040
1F7FEC
1F7FC0
1F7FE8
1F8078
1F8138
1F8268
1F83C0
1F858E
1F876E
1F89DC
1F8C6A
1F8F44
1F9250
1F95F4
1F994C
1F9D80
1FA16A
1FA5EC
1FAA64
1FAF58
1FB426
1FB96E
1FBEB8
1FC44C
1FC9D2
1FCFB0
1FD57C
1FDB98
1FE186
1FE7D8
1FEDDC
1FF444
1FFA7E
0000CA
000712
000D58
0013A4
0019C6
001FE0
00260A
002BF2
0031CE
003784
003D2A
0042A4
0047D8
004D16
0051F2
0056B4
005B4A
005F82
00639A
006794
006AFC
006E74
007176
007456
0076AE
007918
007AF6
007C7E
007E1A
007EE0
007FB8
008026
008044
008004
007F9A
007EB2
007DA8
007C38
007A7C
007880
00762E
0073A0
0070B4
006D8E
006A5A
006668
0062AA
005E8A
005A14
00559A
0050BC
004BB4
0046B4
004136
003BBA
00362C
003054
002A78
00247C
001E6E
00183A
0011F2
000BE6
00057A
1FFF3A
1FF8E8
1FF2A8
1FEC68
1FE632
1FE014
1FDA0A
1FD410
1FCE22
1FC884
1FC2C8
1FBD84
1FB7FE
1FB2FE
1FAE06
1FA94E
1FA4BE
1FA076
1F9C5A
1F9888
1F94EC
1F918E
1F8E98
1F8BA8
1F8938
1F8706
1F84FE
1F8372
1F8210
1F8100
1F8034
1F8010
1F7F9C
1F7FF0
1F8084
1F8138
1F825C
1F83CC
1F857E
1F8786
1F89CA
1F8C76
1F8F30
1F9270
1F95D2
1F9968
1F9D60
1FA18A
1FA5D0
1FAA88
1FAF28
1FB45E
1FB936
1FBEEC
1FC41C
1FC9EA
1FCFBC
1FD568
1FDB98
1FE1A2
1FE7A0
1FEE14
1FF434
1FFA6E
0000DA
000704
000D6A
00138E
0019CC
001FF4
0025F2
002C02
0031BE
00378A
003D36
004290
0047EC
004D0A
0051EC
0056C6
005B3A
005F84
0063AA
006774
006B26
006E56
007184
007438
0076E2
0078E6
007B12
007C86
007DE8
007F18
007FA4
008016
00805E
007FF2
007FA8
007EB6
007D96
007C40
007A82
007876
00763E
007384
0070CA
006D9C
006A30
006686
0062A4
005E84
005A26
005580
0050CA
004BC0
004696
00414A
003BBE
003618
003072
002A5A
002488
001E6C
00182E
001224
000BA8
00059E
1FFF2A
1FF8EC
1FF2A8
1FEC6A
1FE62E
1FE010
1FDA0E
1FD40A
1FCE2C
1FC878
1FC2DA
1FBD66
1FB814
1FB2F8
1FAE0C
1FA94C
1FA4B6
1FA082
1F9C4E
1F9890
1F94EC
1F918C
1F8E94
1F8BB0
1F894A
1F86CE
1F8540
1F8350
1F820C
1F8108
1F8050
1F7FD4
1F7FC8
1F7FF0
1F8070
1F8148
1F8264
1F83AC
1F8592
1F878E
1F89BA
1F8C84
1F8F26
1F9272
1F95D8
1F995C
1F9D74
1FA174
1FA5E0
1FAA72
1FAF48
1FB438
1FB96E
1FBEAC
1FC450
1FC9CC
1FCFBA
1FD572
1FDB96
1FE1A2
1FE7AC
1FEDFE
1FF442
1FFA6A
0000D2
00071E
000D52
00139C
0019C6
001FF4
0025EC
002C0A
0031BA
00378C
003D3C
004290
0047D8
004D28
0051DA
0056C4
005B48
005F74
0063C0
00675E
006B2C
006E64
00716E
00744E
0076C8
00790C
007AE6
007CA2
007DF2
007EFE
007FA8
00802E
008036
008018
007F7E
007EE0
007D6E
007C6C
007A58
00789A
00761C
00739C
0070C2
006D9A
006A2E
006694
006298
005E8A
005A24
005578
0050D6
004BB0
0046B8
004120
003BD4
003620
003058
002A70
00248E
001E48
00185C
0011FA
000BD6
00056E
1FFF52
1FF8D2
1FF2A6
1FEC7E
1FE622
1FE020
1FD9F2
1FD41A
1FCE36
1FC874
1FC2C6
1FBD7C
1FB80C
1FB2F2
1FAE14
1FA944
1FA4C6
1FA06C
1F9C60
1F988A
1F94E6
1F919C
1F8E98
1F8B88
1F8964
1F86EA
1F8512
1F8362
1F820C
1F8110
1F8048
1F7FD4
1F7FCC
1F7FF8
1F8054
1F8158
1F8264
1F83C2
1F8578
1F8798
1F89AE
1F8C82
1F8F42
1F9256
1F95E2
1F996A
1F9D56
1FA18E
1FA5DC
1FAA68
1FAF50
1FB434
1FB970
1FBEA8
1FC44E
1FC9DA
1FCFAC
1FD57A
1FDBA2
1FE17E
1FE7D8
1FEDD8
1FF44C
1FFA80
0000BA
000720
000D56
00139A
0019D2
001FDE
002604
002BF6
0031CA
003788
003D2E
004294
0047EC
004D16
0051D2
0056D6
005B4A
005F66
0063BC
006774
006B1A
006E5E
007178
007456
0076C6
007908
007ADE
007CAA
007DF0
007EFE
007FA8
008034
008026
008034
007F78
007EB2
007DB8
007C28
007A9A
007856
007644
0073A4
0070AE
006D9C
006A30
006698
006290
005E94
005A10
005594
0050BA
004BDA
00467E
004156
003BA8
00363E
003044
002A8C
002464
001E76
00183C
00120E
000BB8
00059C
1FFF2A
1FF8DA
1FF2C8
1FEC48
1FE648
1FE006
1FDA1A
1FD3FA
1FCE30
1FC884
1FC2C4
1FBD74
1FB818
1FB2EE
1FAE1A
1FA932
1FA4CE
1FA078
1F9C4E
1F989A
1F94DC
1F919E
1F8E8E
1F8B9C
1F895C
1F86E6
1F8512
1F8362
1F8210
1F8110
1F8048
1F7FDC
1F7FA8
1F8018
1F8058
1F814A
1F825C
1F83CE
1F857C
1F878E
1F89B2
1F8C94
1F8F14
1F928C
1F95B8
1F997C
1F9D52
1FA19C
1FA5C8
1FAA72
1FAF5E
1FB418
1FB96E
1FBED2
1FC42A
1FC9DA
1FCFC4
1FD574
1FDB7E
1FE1B6
1FE79A
1FEE18
1FF426
1FFA7C
0000D0
00071A
000D48
0013A6
0019D2
001FDC
0025FE
002C08
0031BA
00378A
003D34
00429A
0047D4
004D26
0051E2
0056BA
005B52
005F76
0063AC
006780
006B0A
006E70
007172
00744A
0076CE
007902
007AFA
007C8C
007DFA
007EF2
007FC6
008016
008042
00800C
007F96
007EB0
007DB6
007C2C
007A80
007870
007646
00739A
0070A4
006DB6
006A1E
0066A0
006288
005E96
005A20
005588
0050B4
004BD8
00468E
00414A
003BB2
003632
003052
002A7C
00247E
001E58
00184A
001202
000BDC
000578
1FFF30
1FF8EE
1FF2AA
1FEC6A
1FE628
1FE01E
1FDA04
1FD408
1FCE3C
1FC868
1FC2DE
1FBD6E
1FB80C
1FB2FE
1FAE04
1FA94C
1FA4C0
1FA07A
1F9C4E
1F988C
1F94EC
1F919C
1F8E80
1F8BBC
1F893E
1F86EC
1F8510
1F8370
1F820A
1F810C
1F802C
1F800C
1F7FA8
1F7FE4
1F808C
1F8130
1F826C
1F83B4
1F859A
1F876C
1F89DA
1F8C6E
1F8F34
1F9270
1F95D4
1F9962
1F9D6E
1FA174
1FA5F0
1FAA58
1FAF6A
1FB40E
1FB980
1FBEBC
1FC43A
1FC9E8
1FCFA0
1FD582
1FDB92
1FE18C
1FE7CE
1FEDEA
1FF43E
1FFA74
0000DA
000710
000D4C
00139C
0019DA
001FE2
0025FC
002BF0
0031D4
00378A
003D2A
004298
0047DC
004D2A
0051DE
0056AE
005B4A
005F92
0063A2
00677A
006B04
006E88
00715C
007458
0076B8
007912
007AFA
007C8C
007DEC
007F0A
007FB2
00801A
008044
008010
007F92
007EBC
007DA2
007C3C
007A70
007890
00762A
00739A
0070B4
006DAE
006A0E
0066C0
006270
005E9E
005A18
00558C
0050BE
004BCE
00468E
004144
003BCC
003610
003062
002A7A
00247C
001E54
00184E
001206
000BC8
00058E
1FFF26
1FF8F0
1FF2A2
1FEC78
1FE61C
1FE032
1FD9E0
1FD422
1FCE3C
1FC85C
1FC2E6
1FBD62
1FB820
1FB2EA
1FAE1E
1FA92A
1FA4D4
1FA082
1F9C40
1F9890
1F94E2
1F91B8
1F8E62
1F8BCC
1F8932
1F8700
1F850A
1F835A
1F821C
1F8108
1F8044
1F7FE0
1F7FC0
1F7FE4
1F808C
1F812A
1F8264
1F83CE
1F8588
1F8772
1F89CE
1F8C78
1F8F38
1F9266
1F95D2
1F9974
1F9D5A
1FA186
1FA5C2
1FAAAA
1FAF0A
1FB460
1FB952
1FBEC6
1FC43E
1FC9DC
1FCFB2
1FD57A
1FDB80
1FE1BA
1FE7A8
1FEDF2
1FF444
1FFA80
0000B4
000730
000D46
0013A8
0019BA
002004
0025E8
002BF4
0031D4
00378A
003D32
004284
0047F8
004D00
005200
0056B0
005B40
005F8A
0063AC
00677E
006AFE
006E7E
007174
007442
0076D2
0078EE
007B12
007C94
007DE6
007F02
007F9E
008044
008020
008040
007F56
007EE2
007D9E
007C26
007A8E
007886
00761E
00739E
0070C4
006D8E
006A36
006690
0062A0
005E80
005A28
005584
0050BA
004BD0
004690
00414C
003BBE
003622
00304E
002A80
00247C
001E60
001850
0011F8
000BC8
000596
1FFF1C
1FF8FE
1FF2A6
1FEC5E
1FE636
1FE01E
1FD9FA
1FD40A
1FCE3C
1FC86C
1FC2DC
1FBD68
1FB814
1FB2F2
1FAE20
1FA928
1FA4DE
1FA064
1F9C5C
1F988A
1F94EA
1F9198
1F8E84
1F8BC4
1F8920
1F8712
1F8506
1F8352
1F8228
1F8104
1F803C
1F7FF4
1F7F90
1F8020
1F806C
1F8136
1F825A
1F83D4
1F857E
1F8780
1F89CE
1F8C6E
1F8F38
1F9270
1F95CE
1F997A
1F9D48
1FA198
1FA5CE
1FAA7A
1FAF46
1FB434
1FB96C
1FBEBA
1FC43C
1FC9EC
1FCF8E
1FD5A6
1FDB6A
1FE1B0
1FE7B0
1FEE04
1FF42C
1FFA86
0000BE
000720
000D5E
001384
0019E0
001FDC
002610
002BE0
0031DC
00377E
003D2E
0042A0
0047E4
004D00
005208
0056AC
005B3E
005F94
0063A6
00676E
006B1E
006E5E
00717E
007458
0076AE
007922
007AD2
007CB4
007DD8
007F22
007F88
008040
00803A
008004
007F92
007EC6
007DA0
007C3A
007A72
00788C
007636
00736A
0070FE
006D76
006A36
00668C
0062A6
005E76
005A30
005580
0050D4
004BAC
0046A2
00414C
003BC0
00360C
003070
002A72
002470
001E7C
001822
00121A
000BC2
00058E
1FFF3C
1FF8DE
1FF2A0
1FEC72
1FE642
1FDFF4
1FDA14
1FD41E
1FCE18
1FC882
1FC2D0
1FBD6E
1FB81A
1FB2EE
1FAE0E
1FA94A
1FA4C4
1FA064
1F9C7A
1F9868
1F94F4
1F919A
1F8E98
1F8B9C
1F8948
1F86F2
1F8512
1F8366
1F8208
1F8114
1F8034
1F7FFC
1F7FA4
1F8008
1F8054
1F8162
1F8246
1F83DA
1F8572
1F8782
1F89E6
1F8C44
1F8F60
1F9262
1F95BE
1F9984
1F9D54
1FA17A
1FA5F8
1FAA5E
1FAF3E
1FB448
1FB968
1FBEB2
1FC446
1FC9DA
1FCFAC
1FD588
1FDB82
1FE196
1FE7CE
1FEDF0
1FF430
1FFA8E
0000B4
000726
000D52
0013A0
0019BC
002002
0025EC
002BF6
0031D0
003796
003D0C
0042AA
0047EC
004D06
0051FE
0056AE
005B36
005F9E
00639C
00677C
006B0A
006E7A
00716C
00744C
0076C8
007900
007B00
007C92
007DEC
007F04
007FA8
00802E
00804A
007FF6
007F98
007EC8
007D9A
007C26
007AA4
007870
007628
007390
0070CE
006D98
006A18
0066BE
006272
005EA6
005A10
005576
0050E6
004BAE
0046A8
004132
003BCE
003628
00303E
002A98
00245A
001E8C
001820
00120E
000BDC
00056C
1FFF4A
1FF8D4
1FF2C2
1FEC56
1FE62E
1FE024
1FD9F4
1FD41C
1FCE2C
1FC870
1FC2EC
1FBD4C
1FB824
1FB2FA
1FAE00
1FA95C
1FA4A6
1FA088
1F9C54
1F988A
1F94E4
1F919A
1F8E86
1F8BC0
1F8934
1F86F8
1F84FC
1F8386
1F8204
1F80FA
1F804E
1F7FDE
1F7FC8
1F7FE4
1F8080
1F8134
1F8266
1F83CA
1F857E
1F8784
1F89C2
1F8C78
1F8F44
1F9256
1F95E2
1F9964
1F9D6A
1FA180
1FA5CA
1FAA88
1FAF3C
1FB440
1FB958
1FBECA
1FC440
1FC9D4
1FCFB2
1FD57E
1FDB94
1FE18E
1FE7C6
1FEDF2
1FF432
1FFA8E
0000C4
000704
000D70
001392
0019BE
002008
0025DC
002C0A
0031CA
00377A
003D48
004280
0047F8
004D02
0051F6
0056B4
005B4E
005F7E
0063AE
006772
006B18
006E66
00717C
007446
0076C4
00791A
007AE0
007CA4
007DEE
007EE8
007FCC
00801C
00803C
00802C
007F5C
007EE2
007D94
007C46
007A68
007896
007620
0073A6
0070A8
006DAE
006A26
006694
00629C
005E7C
005A2C
005588
0050BC
004BCA
004694
00414C
003BBC
00361A
003068
002A62
002494
001E50
001846
00120C
000BCA
000586
1FFF2E
1FF8EC
1FF2AE
1FEC5C
1FE646
1FE000
1FDA12
1FD408
1FCE30
1FC870
1FC2EA
1FBD5E
1FB806
1FB318
1FADF2
1FA940
1FA4D0
1FA07A
1F9C54
1F987E
1F9502
1F9180
1F8E8E
1F8BC0
1F8930
1F8700
1F8504
1F8378
1F81F6
1F8114
1F8050
1F7FD8
1F7FB0
1F8004
1F8074
1F8138
1F825E
1F83D2
1F8568
1F87A4
1F89BC
1F8C5E
1F8F5C
1F9258
1F95D8
1F9960
1F9D70
1FA17C
1FA5D4
1FAA7C
1FAF40
1FB42E
1FB984
1FBEA6
1FC442
1FC9E8
1FCFA0
1FD57C
1FDBA2
1FE17E
1FE7D8
1FEDEC
1FF432
1FFA7A
0000E4
0006E8
000D82
00138A
0019C4
001FF8
0025FE
002BE0
0031DE
003784
003D32
00428E
0047F8
004CF4
005202
0056BC
005B38
005F82
0063BE
00676A
006B10
006E6A
007188
00742E
0076E2
007900
007AEA
007C8E
007E10
007EE6
007FB4
008026
008050
007FF4
007F9E
007EB6
007DA2
007C48
007A6E
007876
00764C
007388
0070B4
006D9E
006A3A
00668C
006298
005E8C
005A26
00557A
0050C8
004BCA
004686
004160
003BB2
00361A
003068
002A6E
002480
001E60
001846
001206
000BD2
000574
1FFF38
1FF8FA
1FF29E
1FEC60
1FE644
1FE00A
1FD9FE
1FD41A
1FCE34
1FC85E
1FC2F6
1FBD54
1FB81A
1FB2F8
1FAE0C
1FA94C
1FA4B2
1FA074
1F9C78
1F986E
1F94F6
1F9184
1F8E9C
1F8BB0
1F893C
1F86F2
1F850E
1F836A
1F8214
1F80F8
1F804C
1F7FF0
1F7F90
1F8034
1F804C
1F8138
1F8278
1F83B4
1F8596
1F876E
1F89D8
1F8C72
1F8F2C
1F927C
1F95C0
1F9980
1F9D50
1FA188
1FA5DC
1FAA74
1FAF38
1FB44E
1FB962
1FBEB0
1FC448
1FC9DE
1FCFA0
1FD596
1FDB7A
1FE19A
1FE7D2
1FEDE6
1FF438
1FFA86
0000B6
000730
000D48
00139E
0019C4
001FFE
0025EC
002BF2
0031DE
003780
003D1A
0042B8
0047E0
004CF8
0051F6
0056CE
005B30
005F90
0063A8
00676E
006B1C
006E5C
00719E
007424
0076CA
00791A
007AF2
007C80
007DFC
007F18
007F9A
00801E
008048
008012
007F92
007EB6
007DA0
007C46
007A72
007884
007636
00738A
0070C4
006DA2
006A26
006694
00629C
005E8A
005A1C
00558A
0050C0
004BC2
0046AE
00411C
003BE0
00361C
003050
002A80
002476
001E68
00183C
001204
000BE6
000564
1FFF40
1FF8EA
1FF2AC
1FEC5A
1FE63A
1FE020
1FD9F6
1FD412
1FCE36
1FC860
1FC2FE
1FBD3C
1FB838
1FB2E6
1FAE04
1FA964
1FA49E
1FA094
1F9C44
1F988E
1F94E8
1F91A0
1F8E82
1F8BBA
1F893C
1F86EC
1F850C
1F8384
1F81F2
1F8112
1F8040
1F7FEC
1F7FBA
1F7FE6
1F8082
1F813A
1F825A
1F83CE
1F858C
1F8770
1F89DA
1F8C60
1F8F46
1F926E
1F95C8
1F9980
1F9D48
1FA190
1FA5D0
1FAA7C
1FAF48
1FB422
1FB98E
1FBEA0
1FC444
1FC9DE
1FCFAC
1FD588
1FDB92
1FE17A
1FE7D4
1FEDF2
1FF448
1FFA68
0000C4
000728
000D5A
00138E
0019CE
001FF2
0025F8
002BF6
0031CE
00378C
003D20
0042A0
0047EC
004D0A
0051FA
0056AA
005B44
005F88
0063AC
006776
006B12
006E6A
00717C
00743E
0076DE
0078F6
007AF2
007C9E
007DF4
007EF4
007FC0
008018
008042
008014
007F86
007EC0
007DB4
007C24
007A84
00787C
00762C
0073AE
0070A4
006DA6
006A2E
006690
006298
005E92
005A16
005584
0050C6
004BCE
00468A
004158
003BAC
00362E
003054
002A7A
002470
001E7C
00182E
001210
000BC6
00058A
1FFF38
1FF8DE
1FF2B4
1FEC5E
1FE63C
1FE002
1FDA20
1FD3F2
1FCE50
1FC858
1FC2E2
1FBD6A
1FB818
1FB2F2
1FAE04
1FA956
1FA4C4
1FA062
1F9C64
1F988C
1F94E4
1F91AC
1F8E6C
1F8BC4
1F8934
1F8704
1F8502
1F836E
1F8208
1F811C
1F8028
1F7FF0
1F7FBC
1F7FF8
1F8074
1F8138
1F825C
1F83E2
1F854C
1F87BC
1F89AA
1F8C7A
1F8F3C
1F9278
1F95A0
1F99AA
1F9D44
1FA188
1FA5CA
1FAA90
1FAF32
1FB43A
1FB96A
1FBEC2
1FC43E
1FC9DC
1FCFAA
1FD57E
1FDB92
1FE19C
1FE7B6
1FEDF8
1FF43E
1FFA76
0000C4
00072A
000D42
0013AE
0019C2
001FEE
0025F2
002C00
0031CE
003774
003D42
004296
0047E4
004CFE
005212
005694
005B58
005F82
0063B0
006760
006B36
006E52
007176
007454
0076CE
0078EA
007B24
007C6A
007DFC
007F0C
007FAA
00801C
008048
008012
007F88
007EBE
007DA6
007C30
007A8C
007862
007668
00735E
0070DA
006D90
006A34
006690
006296
005E92
005A10
005598
0050C2
004BB6
0046A2
004148
003BBC
003624
00305E
002A66
002482
001E72
001834
001206
000BD6
00057C
1FFF34
1FF8EC
1FF2AC
1FEC5C
1FE644
1FE006
1FDA0A
1FD40A
1FCE2C
1FC880
1FC2E2
1FBD52
1FB820
1FB2F2
1FAE10
1FA940
1FA4DE
1FA048
1F9C7E
1F9874
1F94FE
1F917E
1F8E90
1F8BC0
1F8932
1F8702
1F8506
1F8362
1F8214
1F8108
1F804C
1F7FD8
1F7FC8
1F7FE8
1F8078
1F813C
1F8274
1F83A6
1F8590
1F878A
1F89C8
1F8C6C
1F8F42
1F925C
1F95EA
1F9954
1F9D64
1FA19A
1FA5C0
1FAA7E
1FAF3C
1FB44C
1FB958
1FBEC0
1FC444
1FC9D6
1FCFA8
1FD59A
1FDB70
1FE19E
1FE7CA
1FEDEE
1FF43E
1FFA78
0000CC
000708
000D6A
00139C
0019BE
001FF0
0025FC
002BF8
0031C4
00378E
003D28
00429E
0047E6
004D0E
0051E6
0056C8
005B40
005F80
0063A8
006780
006B10
006E66
007178
00745E
0076A8
00791A
007AE8
007C98
007DF6
007F0C
007F98
008038
00802C
008028
007F74
007ECC
007DAE
007C1A
007A8E
007892
00760A
0073BC
0070A2
006DA0
006A3C
006680
0062B0
005E74
005A1C
0055A0
0050B0
004BC8
00469A
004146
003BC0
00361C
00305A
002A8C
00245E
001E74
001836
001212
000BD6
000572
1FFF2C
1FF906
1FF29C
1FEC5C
1FE644
1FE006
1FDA12
1FD3FA
1FCE50
1FC852
1FC2EE
1FBD5C
1FB822
1FB2EE
1FAE04
1FA958
1FA4BA
1FA076
1F9C5E
1F9884
1F94E6
1F919C
1F8E8E
1F8BB4
1F8938
1F86F4
1F8508
1F837E
1F81EA
1F8138
1F8028
1F7FE8
1F7FAC
1F800C
1F8064
1F814C
1F8250
1F83D8
1F8572
1F8796
1F89B8
1F8C76
1F8F38
1F9278
1F95C0
1F9976
1F9D5E
1FA184
1FA5D0
1FAA8A
1FAF32
1FB438
1FB96E
1FBEC6
1FC42A
1FC9E6
1FCFAC
1FD590
1FDB70
1FE1AC
1FE7B4
1FEE0A
1FF422
1FFA80
0000D4
00070E
000D64
001382
0019DE
001FEA
0025F4
002BFA
0031D0
003776
003D42
004292
0047E4
004D0A
0051FE
0056B0
005B40
005F82
0063C4
006754
006B26
006E6E
00716E
00744C
0076C4
00791C
007AD6
007CA0
007E04
007EE8
007FB6
008028
00804A
007FF4
007FAE
007E94
007DDA
007C08
007A88
00788A
007634
007380
0070DE
006D7A
006A42
006688
0062A8
005E82
005A10
0055A4
0050AC
004BD0
004694
00413A
003BE0
003604
00305E
002A7A
002492
001E3A
001864
0011EC
000BE8
00056E
1FFF46
1FF8DC
1FF2AE
1FEC66
1FE632
1FE01C
1FD9F2
1FD41E
1FCE34
1FC868
1FC2EA
1FBD5A
1FB80C
1FB308
1FAE10
1FA930
1FA4D2
1FA076
1F9C50
1F989C
1F94C0
1F91B8
1F8E8A
1F8BA8
1F8948
1F86EC
1F8512
1F8366
1F820C
1F8114
1F802C
1F8008
1F7FA0
1F7FFC
1F8078
1F8140
1F8250
1F83D6
1F8580
1F877E
1F89D4
1F8C5C
1F8F56
1F9254
1F95DE
1F9970
1F9D52
1FA190
1FA5CE
1FAA86
1FAF3A
1FB42E
1FB97E
1FBEAC
1FC444
1FC9E0
1FCFAA
1FD588
1FDB78
1FE1B0
1FE7B8
1FEDE4
1FF44A
1FFA82
0000CA
0006F6
000D80
001384
0019D0
001FEE
0025FA
002BF0
0031DC
00377E
003D2C
004298
0047E4
004D10
0051FC
0056AC
005B44
005F90
0063A0
00677E
006B14
006E66
00716C
00746E
0076A8
00790A
007AFC
007C96
007DF6
007EE8
007FCE
008016
00803C
00801C
007F7E
007ED0
007D96
007C3C
007A80
007876
00764C
00736E
0070DE
006D80
006A48
006684
0062AA
005E74
005A1E
005598
0050C2
004BAE
0046B6
00412A
003BD6
003612
003066
002A6C
002484
001E62
00182E
00122C
000BB2
000582
1FFF48
1FF8D8
1FF2B6
1FEC56
1FE648
1FDFF6
1FDA2C
1FD3EC
1FCE48
1FC866
1FC2DE
1FBD64
1FB81C
1FB2FA
1FADF2
1FA972
1FA49C
1FA08A
1F9C4A
1F989A
1F94D6
1F91AE
1F8E7A
1F8BB4
1F8940
1F86F8
1F850A
1F836E
1F820C
1F80F8
1F8070
1F7FB0
1F7FD0
1F8008
1F8060
1F813C
1F8266
1F83BE
1F858A
1F8784
1F89C8
1F8C70
1F8F38
1F9274
1F95BC
1F9992
1F9D3A
1FA194
1FA5E0
1FAA6E
1FAF40
1FB44A
1FB950
1FBEC4
1FC446
1FC9DA
1FCFAC
1FD58A
1FDB76
1FE1A8
1FE7C0
1FEDF2
1FF438
1FFA82
0000CE
000708
000D5C
00139E
0019C6
001FF6
0025FA
002BE2
0031EE
003768
003D40
00428A
0047F8
004D04
0051F8
0056A6
005B44
005FA4
006386
006790
006B10
006E5E
007180
00744E
0076BC
007912
007AE8
007CA0
007DE8
007F18
007F86
008050
008026
008010
007F96
007EB8
007DB2
007C28
007A84
007870
007650
00737A
0070CC
006D8E
006A44
006676
0062BE
005E56
005A52
005574
0050B6
004BDA
004686
004156
003BAE
00362A
00305C
002A74
002482
001E4E
001866
0011E2
000BEA
000578
1FFF2E
1FF8F8
1FF298
1FEC7E
1FE614
1FE03C
1FD9DE
1FD42A
1FCE20
1FC87E
1FC2C6
1FBD84
1FB802
1FB2F6
1FAE12
1FA954
1FA4A6
1FA080
1F9C68
1F9874
1F94F4
1F919E
1F8E7A
1F8BC2
1F8930
1F8704
1F84FC
1F8376
1F820E
1F80F8
1F8064
1F7FB4
1F7FEC
1F7FDC
1F8070
1F813E
1F8264
1F83DA
1F8568
1F8784
1F89DC
1F8C54
1F8F62
1F925C
1F95B4
1F999C
1F9D38
1FA192
1FA5E6
1FAA62
1FAF54
1FB42E
1FB968
1FBEC2
1FC438
1FC9FA
1FCF74
1FD5B4
1FDB70
1FE1AA
1FE7B0
1FEDFC
1FF434
1FFA8A
0000B8
000724
000D52
00139A
0019C6
002004
0025DC
002C10
0031A8
0037BA
003CFA
0042CA
0047BE
004D1A
0051FE
0056A8
005B50
005F88
006392
00678C
006B1C
006E52
007188
00743E
0076D0
00790A
007ADE
007CAC
007DEE
007F02
007FA6
008026
008046
008008
007F92
007EC0
007DA2
007C30
007A7E
00789A
007604
0073AE
0070C6
006D98
006A22
00669C
0062A0
005E82
005A0A
0055A8
0050BA
004BB8
0046A4
00414C
003BB2
003620
00305E
002A7A
00247C
001E54
001856
001204
000BB8
000592
1FFF40
1FF8DA
1FF2B8
1FEC4E
1FE646
1FE016
1FD9FC
1FD41C
1FCE22
1FC874
1FC2E4
1FBD62
1FB80E
1FB306
1FAE06
1FA93E
1FA4C6
1FA07A
1F9C5C
1F9878
1F94FE
1F9182
1F8E9E
1F8BB0
1F8938
1F86E8
1F8532
1F834A
1F8220
1F80EC
1F8060
1F7FE8
1F7F9C
1F8008
1F8078
1F8130
1F826E
1F83BE
1F858C
1F8774
1F89DA
1F8C64
1F8F4E
1F924E
1F95E8
1F995A
1F9D7A
1FA168
1FA5E0
1FAA86
1FAF2C
1FB44C
1FB95A
1FBEC6
1FC432
1FC9F2
1FCF90
1FD59A
1FDB7E
1FE1A0
1FE7B6
1FEDFA
1FF438
1FFA7E
0000C2
000724
000D4C
0013A2
0019C4
001FF4
0025EE
002BFC
0031D0
003782
003D36
00428A
0047F2
004D08
0051F2
0056C0
005B30
005F9A
00639C
006784
006B0E
006E66
007176
007456
0076BE
007900
007B0A
007C74
007E12
007EF6
007FB0
008012
00805E
008000
007F9A
007E9E
007DCA
007C1E
007A88
00788C
007602
0073DA
007088
006DB4
006A22
0066A0
00628A
005E9E
005A0C
00558C
0050D2
004BA4
0046B8
004136
003BC2
00361E
003064
002A6E
00247C
001E68
00184A
0011EA
000BF6
000550
1FFF62
1FF8DE
1FF29C
1FEC6C
1FE63C
1FE010
1FDA02
1FD40A
1FCE40
1FC85E
1FC2F2
1FBD4A
1FB82A
1FB2F4
1FAE0A
1FA948
1FA4C6
1FA06C
1F9C5C
1F987C
1F9506
1F917A
1F8EAA
1F8B94
1F894E
1F86F2
1F8516
1F835A
1F8218
1F80FC
1F805C
1F7FC0
1F7FE0
1F7FE4
1F8068
1F8148
1F826C
1F83B8
1F8582
1F878E
1F89C4
1F8C6A
1F8F46
1F925A
1F95E6
1F995A
1F9D72
1FA16E
1FA5F8
1FAA58
1FAF50
1FB442
1FB956
1FBECA
1FC430
1FC9F2
1FCF94
1FD592
1FDB90
1FE186
1FE7CA
1FEE0A
1FF40C
1FFAA0
0000BA
000718
000D5A
00139E
0019C8
001FDE
002614
002BE2
0031E2
003778
003D24
0042AC
0047DA
004D18
0051F0
0056AA
005B44
005FA0
006398
00676C
006B2C
006E54
007186
007444
0076C2
007910
007AEC
007CAE
007DC6
007F2A
007F9A
00802E
008034
008008
007FAE
007EB0
007D86
007C64
007A64
007880
007638
007396
0070AE
006DAC
006A32
006684
00629E
005E86
005A2A
005580
0050B4
004BE6
004684
004140
003BC6
00362C
003040
002A90
002470
001E6E
001836
00120A
000BCC
00058C
1FFF26
1FF8FE
1FF292
1FEC7E
1FE612
1FE03C
1FD9EE
1FD40C
1FCE3C
1FC868
1FC2E6
1FBD5E
1FB820
1FB2EA
1FAE16
1FA93E
1FA4D0
1FA062
1F9C64
1F988E
1F94DC
1F919C
1F8E94
1F8BA4
1F8944
1F8700
1F84F8
1F8386
1F81E2
1F813A
1F801A
1F8014
1F7F8C
1F8000
1F8088
1F812C
1F826E
1F83AE
1F8598
1F8772
1F89EE
1F8C42
1F8F58
1F9262
1F95D2
1F9978
1F9D48
1FA18E
1FA5EC
1FAA60
1FAF4C
1FB42A
1FB97A
1FBEB8
1FC430
1FC9FC
1FCF90
1FD588
1FDB98
1FE180
1FE7D0
1FEE08
1FF414
1FFA94
0000C8
000704
000D70
001394
0019C6
001FE8
002602
002BFC
0031C0
003782
003D48
004284
0047E8
004D0E
0051FE
0056A8
005B40
005F9A
00639A
006776
006B26
006E4A
007198
007444
0076B6
007916
007AF0
007C92
007DFA
007EFC
007FAA
00802E
00803C
00800C
007F8E
007ECE
007D90
007C3A
007A84
007882
007624
0073A2
0070BA
006D90
006A3E
006694
006294
005E7A
005A3A
005576
0050CE
004BC2
00468C
004158
003BAE
003632
003046
002A88
002472
001E60
00185E
0011E6
000BD6
00058C
1FFF2A
1FF8F8
1FF292
1FEC7E
1FE622
1FE01C
1FDA0A
1FD3F8
1FCE4A
1FC874
1FC2B4
1FBD98
1FB7EC
1FB316
1FADFC
1FA944
1FA4C6
1FA088
1F9C30
1F98B2
1F94CE
1F91A4
1F8E84
1F8BBE
1F8934
1F86F8
1F8504
1F8380
1F81F4
1F810E
1F8056
1F7FD8
1F7FBC
1F7FF8
1F8060
1F8160
1F823E
1F83E4
1F856C
1F8790
1F89C0
1F8C78
1F8F3C
1F9264
1F95CE
1F997A
1F9D56
1FA184
1FA5E4
1FAA68
1FAF4A
1FB434
1FB972
1FBEAC
1FC450
1FC9D2
1FCFA8
1FD598
1FDB74
1FE1A2
1FE7C0
1FEDF4
1FF43A
1FFA78
0000C6
000728
000D3E
0013AE
0019C2
001FF2
0025FE
002BE4
0031D6
003794
003D26
004286
004800
004D04
0051E4
0056CA
005B3C
005F8C
0063A0
006780
006B0C
006E72
007174
007442
0076D0
007906
007AF0
007CA0
007DF2
007EEA
007FC0
00802A
008036
008006
007FA4
007EB6
007D9C
007C3C
007A82
007876
007632
0073A0
0070BC
006D96
006A34
006690
006292
005E88
005A30
005580
0050BA
004BCE
004690
004156
003BA4
00363A
003054
002A6A
002488
001E62
001840
001208
000BCE
000586
1FFF28
1FF8F2
1FF2AE
1FEC56
1FE642
1FE018
1FD9FA
1FD414
1FCE30
1FC876
1FC2D6
1FBD62
1FB820
1FB2F6
1FAE0C
1FA938
1FA4DA
1FA060
1F9C6A
1F9880
1F94E0
1F91B0
1F8E7A
1F8BB2
1F8934
1F871C
1F84E4
1F8384
1F81F0
1F812C
1F8034
1F7FD4
1F7FD4
1F7FEC
1F8068
1F814C
1F825A
1F83CA
1F8578
1F879C
1F89AC
1F8C86
1F8F30
1F9274
1F95C0
1F9986
1F9D4C
1FA178
1FA5FE
1FAA60
1FAF3C
1FB442
1FB96E
1FBEAC
1FC43E
1FC9F8
1FCF90
1FD58C
1FDB92
1FE18E
1FE7C6
1FEDF2
1FF438
1FFA7E
0000CC
000710
000D5E
0013A0
0019B4
002002
0025FA
002BEE
0031C6
00378C
003D42
00427E
0047FC
004CF4
005208
0056B4
005B40
005F86
0063A2
006782
006B16
006E60
007182
00743A
0076D0
007914
007AD2
007CB0
007DFC
007EEA
007FB8
008012
008064
007FE6
007FC2
007E94
007DA8
007C42
007A94
007850
00763E
0073BA
007092
006DB2
006A2E
006680
0062B2
005E76
005A28
005592
0050AC
004BD8
00468C
00414C
003BB6
003628
003060
002A66
00248C
001E5C
00183C
001210
000BD2
000570
1FFF46
1FF8E0
1FF2B4
1FEC5A
1FE63C
1FE012
1FD9F8
1FD426
1FCE1A
1FC886
1FC2D0
1FBD66
1FB816
1FB302
1FADF6
1FA954
1FA4C6
1FA076
1F9C48
1F989A
1F94E6
1F9198
1F8E7C
1F8BCE
1F8920
1F870C
1F850C
1F8356
1F8222
1F80F0
1F806C
1F7FC0
1F7FCC
1F7FE8
1F8080
1F8130
1F826E
1F83C2
1F8580
1F8778
1F89F0
1F8C4A
1F8F40
1F9280
1F95B6
1F997C
1F9D5E
1FA17A
1FA5EA
1FAA78
1FAF36
1FB432
1FB97E
1FBEA6
1FC452
1FC9D2
1FCFAE
1FD58C
1FDB7E
1FE19A
1FE7C6
1FEDEE
1FF430
1FFA96
0000B4
000728
000D3E
0013B8
0019B4
001FFE
0025EE
002BF4
0031D0
00378E
003D28
004292
0047F2
004D0A
0051E4
0056C6
005B48
005F7A
0063A4
006792
006AF6
006E84
007162
007456
0076C0
007910
007AE6
007CA4
007DF0
007EF6
007FB4
00802C
00803A
00800C
007F94
007EC0
007D8C
007C5E
007A70
00786E
007640
00738C
0070D0
006D86
006A42
00667E
0062AA
005E8E
005A10
005594
0050B6
004BDA
004676
004162
003BB6
003628
003050
002A72
002496
001E4C
00183E
00121A
000BBC
000598
1FFF18
1FF8FE
1FF2A2
1FEC70
1FE624
1FE024
1FD9F2
1FD420
1FCE2A
1FC86C
1FC2EC
1FBD58
1FB810
1FB312
1FADEC
1FA95C
1FA4B6
1FA07C
1F9C54
1F9892
1F94E4
1F9192
1F8E96
1F8BA6
1F8940
1F870A
1F84EA
1F8386
1F8200
1F8108
1F8050
1F7FDC
1F7FB4
1F7FFC
1F8080
1F8128
1F825C
1F83E4
1F8572
1F8780
1F89C6
1F8C8C
1F8F1A
1F9278
1F95CE
1F9978
1F9D54
1FA184
1FA5DE
1FAA72
1FAF48
1FB432
1FB968
1FBEC2
1FC432
1FC9F0
1FCF9A
1FD58C
1FDB86
1FE19E
1FE7BC
1FEDF8
1FF43A
1FFA68
0000E4
000712
000D4C
0013A2
0019C8
001FF8
0025DC
002C1A
0031B0
0037A4
003D10
0042AE
0047DE
004D0E
0051EC
0056CA
005B30
005F96
00638C
0067A2
006AEE
006E90
007156
007446
0076E4
0078E2
007B24
007C6C
007E06
007EFE
007F9A
00804C
008024
008016
007F9A
007EA8
007DA8
007C52
007A5C
00788C
00763C
007380
0070D0
006D96
006A32
006688
0062A0
005E96
005A08
005594
0050C6
004BC4
00468A
004152
003BC0
003616
00306E
002A62
00247C
001E70
001842
001204
000BC6
000580
1FFF46
1FF8D8
1FF2B8
1FEC5E
1FE634
1FE01E
1FDA02
1FD3F6
1FCE4A
1FC876
1FC2C6
1FBD6C
1FB824
1FB2F2
1FADFC
1FA954
1FA4C6
1FA060
1F9C74
1F9874
1F94EC
1F91A4
1F8E74
1F8BCA
1F8940
1F86D0
1F8534
1F8358
1F8214
1F8104
1F804C
1F7FD8
1F7FC4
1F7FFC
1F805C
1F8150
1F825A
1F83D2
1F8570
1F878C
1F89C8
1F8C76
1F8F3E
1F925E
1F95D4
1F996E
1F9D6E
1FA15C
1FA614
1FAA44
1FAF58
1FB430
1FB974
1FBEB4
1FC442
1FC9DA
1FCFB0
1FD57C
1FDB88
1FE1A2
1FE7BC
1FEDF2
1FF442
1FFA62
0000EA
000700
000D66
001394
0019CC
001FF6
0025EE
002BF0
0031DA
003784
003D38
004282
0047F2
004D10
0051EE
0056B8
005B44
005F8E
00639A
00677C
006B1C
006E5E
00718C
007432
0076D4
007902
007AFC
007C8C
007E06
007ED6
007FD8
00801A
008032
008024
007F8A
007EAE
007DB0
007C32
007A7E
007880
007630
00739C
0070B8
006D9C
006A36
006680
0062B2
005E72
005A30
005574
0050DA
004BAE
0046AE
004136
003BC4
00361C
003066
002A6A
002482
001E62
001838
001220
000BB4
000588
1FFF40
1FF8E0
1FF2A6
1FEC68
1FE63C
1FE00E
1FDA00
1FD416
1FCE32
1FC872
1FC2D0
1FBD72
1FB80C
1FB300
1FAE06
1FA94E
1FA4BE
1FA066
1F9C72
1F9878
1F94F6
1F9180
1F8EA4
1F8BA4
1F894A
1F86EC
1F8506
1F8382
1F81F4
1F810C
1F8054
1F7FD8
1F7FB8
1F8004
1F806C
1F8128
1F8282
1F83B0
1F8586
1F878E
1F89C2
1F8C6A
1F8F4C
1F925C
1F95CC
1F9980
1F9D50
1FA18C
1FA5D0
1FAA86
1FAF3C
1FB42E
1FB970
1FBEC6
1FC430
1FC9E6
1FCFA0
1FD596
1FDB74
1FE1AA
1FE7B0
1FEE00
1FF436
1FFA7C
0000BC
00073C
000D32
0013B2
0019BA
001FF8
0025FC
002BE6
0031DC
00378A
003D1A
0042A4
0047EC
004D06
0051F0
0056BE
005B38
005F90
0063AC
00676E
006B18
006E64
00717A
00745A
0076B8
00790A
007AE8
007CAA
007DE8
007EF6
007FC0
008014
00804C
00800C
007F96
007EB0
007DA2
007C48
007A74
007874
007648
00738A
0070B6
006DA8
006A28
0066A2
006288
005E84
005A30
005576
0050DA
004BB2
00469A
004142
003BCE
003614
00306E
002A5A
002480
001E7C
00182A
001218
000BC4
00057E
1FFF34
1FF8F6
1FF2AC
1FEC5A
1FE63E
1FE006
1FDA14
1FD400
1FCE42
1FC868
1FC2DC
1FBD6A
1FB814
1FB2F0
1FAE16
1FA942
1FA4BE
1FA086
1F9C3A
1F98A0
1F94EC
1F918A
1F8E8A
1F8BC6
1F891E
1F8708
1F850E
1F836A
1F8200
1F8118
1F803C
1F7FE0
1F7FC8
1F7FE4
1F8080
1F813C
1F8250
1F83E4
1F8568
1F878C
1F89D6
1F8C70
1F8F24
1F9278
1F95D2
1F9970
1F9D60
1FA176
1FA5E2
1FAA8A
1FAF1C
1FB450
1FB960
1FBEBE
1FC444
1FC9DC
1FCF98
1FD5A6
1FDB66
1FE1B4
1FE7AC
1FEE0C
1FF424
1FFA82
0000D4
000708
000D5A
0013A2
0019CA
001FE0
002610
002BE4
0031D0
003792
003D26
00428A
0047FC
004D0C
0051E6
0056C2
005B46
005F7C
0063AC
006776
006B1E
006E58
00718E
007438
0076C4
00791C
007AE2
007C98
007DFA
007EFE
007F96
00804E
008026
008010
007F9C
007EB6
007D9E
007C38
007A80
00787A
007646
00737A
0070D4
006D8E
006A32
00668C
0062AC
005E76
005A26
00558A
0050CA
004BB6
0046A8
004132
003BCC
00361E
003054
002A8A
002464
001E6A
001856
0011F2
000BCC
000590
1FFF28
1FF8EE
1FF2AE
1FEC64
1FE632
1FE020
1FD9EA
1FD426
1FCE38
1FC85A
1FC2DE
1FBD7E
1FB800
1FB2FA
1FAE0C
1FA950
1FA4B6
1FA07C
1F9C4C
1F989A
1F94E6
1F9194
1F8E80
1F8BCE
1F891C
1F8710
1F8508
1F835E
1F8212
1F8114
1F8040
1F7FC4
1F7FF4
1F7FCC
1F8080
1F8138
1F826A
1F83C0
1F8590
1F8762
1F89F2
1F8C50
1F8F50
1F9262
1F95CC
1F997A
1F9D56
1FA18C
1FA5D0
1FAA7C
1FAF3E
1FB440
1FB968
1FBEAE
1FC454
1FC9D2
1FCFAA
1FD586
1FDB8C
1FE18A
1FE7E2
1FEDD6
1FF444
1FFA72
0000D6
000710
000D5A
0013A2
0019B4
00200C
0025DA
002C0A
0031D0
003774
003D3E
004290
0047EE
004CFE
005200
0056BE
005B2C
005F9C
00639C
006770
006B2E
006E5E
007174
00743E
0076DC
0078F6
007B06
007C88
007DFA
007EFA
007FB6
008010
008050
008022
007F70
007EC6
007DA0
007C4E
007A6A
007874
007644
007390
0070C2
006D94
006A36
006684
0062B4
005E6E
005A28
005594
0050AA
004BE0
004680
004152
003BBE
00361E
00306E
002A58
002484
001E72
001828
00122C
000BA4
00059A
1FFF36
1FF8DC
1FF2B8
1FEC5A
1FE638
1FE01E
1FD9FC
1FD40E
1FCE30
1FC872
1FC2DC
1FBD72
1FB808
1FB2FE
1FAE08
1FA946
1FA4D0
1FA062
1F9C5A
1F9896
1F94E6
1F918E
1F8E88
1F8BC6
1F893C
1F86D0
1F853C
1F835C
1F8200
1F8114
1F8040
1F7FD8
1F7FD2
1F7FE2
1F8082
1F8132
1F8266
1F83CA
1F8570
1F8798
1F89C4
1F8C6A
1F8F48
1F9264
1F95BC
1F999A
1F9D42
1FA188
1FA5CE
1FAA94
1FAF2A
1FB436
1FB982
1FBE9E
1FC458
1FC9CA
1FCFB0
1FD590
1FDB82
1FE18C
1FE7D0
1FEDEA
1FF440
1FFA80
0000C0
000714
000D66
001388
0019E8
001FC4
002618
002BF2
0031BE
003798
003D30
00428C
0047DE
004D20
0051EA
0056B8
005B42
005F92
00639E
00676E
006B28
006E6E
007150
007470
0076B0
007912
007B0A
007C56
007E50
007EB0
007FC0
00803C
00802E
00800C
007FA2
007EA8
007DAC
007C3A
007A78
007882
007628
00739C
0070CA
006D82
006A52
006660
0062CE
005E56
005A4A
005576
0050CA
004BBA
0046A0
004138
003BD2
00361C
003056
002A7A
002474
001E72
001838
001210
000BBE
000592
1FFF20
1FF90A
1FF28A
1FEC76
1FE636
1FE00C
1FDA06
1FD418
1FCE24
1FC874
1FC2E4
1FBD5C
1FB81A
1FB2FE
1FADFE
1FA952
1FA4C0
1FA06A
1F9C70
1F9876
1F94F2
1F9194
1F8E7C
1F8BDA
1F8918
1F86EC
1F8540
1F8346
1F820E
1F8108
1F8060
1F7FB8
1F7FD8
1F7FE8
1F807C
1F813C
1F8254
1F83DA
1F8574
1F8782
1F89E4
1F8C4A
1F8F58
1F9260
1F95C8
1F998A
1F9D3A
1FA1A0
1FA5C0
1FAA88
1FAF40
1FB434
1FB976
1FBEA6
1FC45C
1FC9C4
1FCFAE
1FD59C
1FDB6E
1FE1AA
1FE7AC
1FEE0C
1FF42C
1FFA7C
0000D4
000700
000D6E
001396
0019BA
002004
0025E8
002C00
0031C2
0037A0
003D0C
0042AC
0047EC
004CFA
005208
0056A0
005B48
005F9A
006398
00677C
006B1E
006E4C
0071A2
007426
0076D0
007916
007AE2
007C9E
007DEE
007F18
007F80
008046
008036
00801C
007F76
007EDE
007D82
007C4A
007A80
007880
00761C
0073A2
0070D2
006D72
006A5A
00667A
00629A
005E8E
005A1A
005592
0050B6
004BCE
00469A
00413E
003BC2
003622
003058
002A86
00245E
001E80
00182C
001212
000BCE
000584
1FFF24
1FF900
1FF2A0
1FEC5C
1FE644
1FE00E
1FD9FC
1FD41E
1FCE22
1FC87E
1FC2DC
1FBD5A
1FB812
1FB318
1FADEE
1FA946
1FA4D0
1FA06E
1F9C66
1F9870
1F94FC
1F9180
1F8EAC
1F8BA0
1F8938
1F8708
1F850C
1F8334
1F824A
1F8102
1F8034
1F7FE0
1F7FC0
1F7FFC
1F8068
1F814C
1F825A
1F83BA
1F8588
1F8790
1F89BE
1F8C70
1F8F4A
1F9254
1F95D6
1F9980
1F9D4E
1FA180
1FA5FA
1FAA44
1FAF6E
1FB41E
1FB976
1FBEB6
1FC442
1FC9DA
1FCFA8
1FD59A
1FDB6C
1FE1AE
1FE7B2
1FEE06
1FF424
1FFA90
0000BE
000718
000D56
00139E
0019CC
001FE8
002604
002BDE
0031E6
003780
003D2C
00428C
0047FA
004D06
0051EC
0056C6
005B24
005FB6
00637E
00678A
006B16
006E6A
007174
007442
0076DA
0078E6
007B0E
007CA4
007DC2
007F2E
007FA2
00801A
008048
00800C
007F92
007EB8
007DAE
007C2C
007A88
007880
007620
0073AC
0070B2
006D94
006A44
006678
0062AC
005E84
005A20
005580
0050D2
004BBE
00468E
00414C
003BCA
00360C
003066
002A86
002460
001E74
001836
00121C
000BB4
000592
1FFF34
1FF8EA
1FF298
1FEC78
1FE638
1FE000
1FDA1A
1FD3F4
1FCE46
1FC878
1FC2CC
1FBD5A
1FB832
1FB2EC
1FAE0E
1FA94A
1FA4B0
1FA08A
1F9C56
1F9878
1F94F6
1F91A0
1F8E7C
1F8BB8
1F893A
1F86FA
1F8514
1F8354
1F822A
1F80EC
1F804C
1F7FF8
1F7FAC
1F7FF0
1F8078
1F8140
1F825C
1F83D4
1F856E
1F8786
1F89E0
1F8C52
1F8F56
1F9252
1F95DE
1F9976
1F9D46
1FA19C
1FA5D0
1FAA74
1FAF4A
1FB42E
1FB970
1FBEC6
1FC426
1FC9EC
1FCFAC
1FD580
1FDB82
1FE19E
1FE7D2
1FEDD4
1FF452
1FFA70
0000CE
00071A
000D50
0013A0
0019C4
001FF8
0025E8
002C06
0031C6
003784
003D3C
00428C
0047E8
004D10
0051EC
0056C6
005B2E
005F96
0063A8
00677C
006B08
006E76
007164
00745E
0076BC
00790E
007AEA
007CA0
007DEE
007F06
007F9A
00803A
008032
008012
007FA8
007EA6
007D94
007C54
007A6A
00788E
00761E
0073AC
0070AC
006DA6
006A2A
00668C
0062B0
005E66
005A32
005592
0050C0
004BA8
0046BC
004132
003BBC
003630
003054
002A6E
00248C
001E58
00184C
0011FC
000BCE
000584
1FFF40
1FF8DA
1FF2B2
1FEC5E
1FE648
1FDFF4
1FDA26
1FD3F0
1FCE48
1FC86E
1FC2D4
1FBD6E
1FB80A
1FB2FE
1FAE0E
1FA946
1FA4CA
1FA05E
1F9C72
1F9878
1F94EE
1F919E
1F8E82
1F8BBA
1F8934
1F86F4
1F8524
1F8358
1F8202
1F810E
1F8050
1F7FF0
1F7F9C
1F8000
1F8078
1F8134
1F827A
1F83A6
1F8588
1F8790
1F89CC
1F8C66
1F8F3C
1F926E
1F95CA
1F9974
1F9D66
1FA174
1FA5DE
1FAA84
1FAF30
1FB442
1FB95E
1FBECE
1FC42E
1FC9EC
1FCF9E
1FD58C
1FDB88
1FE1A0
1FE7AA
1FEE0A
1FF434
1FFA76
0000D6
000708
000D5E
00139E
0019C4
001FEC
002606
002BEA
0031CC
003792
003D26
004294
0047E6
004D14
0051F4
0056B6
005B36
005F92
0063B2
006768
006B1C
006E5C
007180
00745C
0076A6
007924
007AE0
007C90
007E12
007EEC
007FAA
008028
00804C
008002
007F8E
007EC2
007DA0
007C3E
007A7C
007874
00763E
007390
0070C2
006D9E
006A26
006694
0062A0
005E7E
005A24
005598
0050A2
004BE8
00467C
00414E
003BC2
00361E
00305A
002A80
00246A
001E78
001834
00120E
000BC4
00057C
1FFF42
1FF8F8
1FF280
1FEC90
1FE616
1FE02C
1FD9E8
1FD426
1FCE32
1FC85E
1FC2F0
1FBD56
1FB822
1FB2F4
1FADFE
1FA960
1FA4AA
1FA094
1F9C2A
1F98AC
1F94F2
1F916C
1F8EAE
1F8BBA
1F8910
1F872A
1F84EA
1F8376
1F8210
1F8100
1F8040
1F7FF8
1F7FAC
1F7FFC
1F8066
1F8160
1F8226
1F83F2
1F857A
1F8784
1F89C8
1F8C76
1F8F34
1F9270
1F95C2
1F998A
1F9D44
1FA196
1FA5E2
1FAA56
1FAF5A
1FB430
1FB970
1FBEAE
1FC458
1FC9C6
1FCFB4
1FD580
1FDB98
1FE182
1FE7D8
1FEDE0
1FF440
1FFA88
0000B0
000730
000D4A
00139E
0019D2
001FD0
002624
002BDE
0031C2
0037A0
003D1C
0042A2
0047EC
004CFE
0051F4
0056C0
005B38
005F92
0063A8
00677C
006B06
006E6E
00717E
007442
0076C6
007910
007ADE
007CC0
007DD2
007EF6
007FCA
008016
008042
008012
007F8A
007EC8
007D96
007C40
007A7A
00787E
00763A
00738A
0070C0
006DA8
006A12
0066B0
006286
005EA2
0059F8
0055AC
0050AC
004BD8
004684
004154
003BBA
003618
00306A
002A6A
002480
001E64
001846
001206
000BC6
00057E
1FFF48
1FF8DC
1FF2AC
1FEC5A
1FE654
1FDFF4
1FDA0E
1FD416
1FCE2E
1FC868
1FC2EE
1FBD5A
1FB812
1FB304
1FAE0A
1FA93E
1FA4C0
1FA07A
1F9C60
1F9880
1F94EE
1F9190
1F8E86
1F8BCA
1F8928
1F8702
1F8508
1F8360
1F8216
1F811E
1F801C
1F7FF8
1F7FC0
1F7FF8
1F805C
1F8150
1F8252
1F83E6
1F8558
1F87A4
1F89BE
1F8C6C
1F8F46
1F925E
1F95C8
1F998A
1F9D5A
1FA16C
1FA5EC
1FAA7E
1FAF20
1FB456
1FB964
1FBEBE
1FC428
1FC9FC
1FCF9C
1FD582
1FDB8E
1FE19E
1FE7B4
1FEE02
